-- phpMyAdmin SQL Dump
-- version 5.1.1
-- https://www.phpmyadmin.net/
--
-- Host: 127.0.0.1
-- Generation Time: Aug 04, 2022 at 02:59 PM
-- Server version: 10.4.19-MariaDB
-- PHP Version: 7.4.20

SET SQL_MODE = "NO_AUTO_VALUE_ON_ZERO";
START TRANSACTION;
SET time_zone = "+00:00";


/*!40101 SET @OLD_CHARACTER_SET_CLIENT=@@CHARACTER_SET_CLIENT */;
/*!40101 SET @OLD_CHARACTER_SET_RESULTS=@@CHARACTER_SET_RESULTS */;
/*!40101 SET @OLD_COLLATION_CONNECTION=@@COLLATION_CONNECTION */;
/*!40101 SET NAMES utf8mb4 */;

--
-- Database: `bookstore_php_off`
--

-- --------------------------------------------------------

--
-- Table structure for table `book`
--

CREATE TABLE `book` (
  `id` int(11) NOT NULL,
  `name` varchar(255) NOT NULL,
  `description` text DEFAULT NULL,
  `price` decimal(10,0) NOT NULL,
  `special` tinyint(1) DEFAULT 0,
  `sale_off` int(3) DEFAULT 0,
  `picture` text DEFAULT NULL,
  `created` datetime DEFAULT NULL,
  `created_by` varchar(255) DEFAULT NULL,
  `modified` datetime DEFAULT NULL,
  `modified_by` varchar(255) DEFAULT NULL,
  `status` varchar(15) DEFAULT 'inactive',
  `ordering` int(11) DEFAULT 10,
  `category_id` int(11) NOT NULL
) ENGINE=InnoDB DEFAULT CHARSET=utf8;

--
-- Dumping data for table `book`
--

INSERT INTO `book` (`id`, `name`, `description`, `price`, `special`, `sale_off`, `picture`, `created`, `created_by`, `modified`, `modified_by`, `status`, `ordering`, `category_id`) VALUES
(48, 'Rèn Luyện Tư Duy Phản Biện', 'Như bạn có thể thấy, chìa khóa để trở thành một người có tư duy phản biện tốt chính là sự tự nhận thức. Bạn cần phải đánh giá trung thực những điều trước đây bạn nghĩ là đúng, cũng như quá trình suy nghĩ đã dẫn bạn tới những kết luận đó. Nếu bạn không có những lý lẽ hợp lý, hoặc nếu suy nghĩ của bạn bị ảnh hưởng bởi những kinh nghiệm và cảm xúc, thì lúc đó hãy cân nhắc sử dụng tư duy phản biện! Bạn cần phải nhận ra được rằng con người, kể từ khi sinh ra, rất giỏi việc đưa ra những lý do lý giải cho những suy nghĩ khiếm khuyết của mình. Nếu bạn đang có những kết luận sai lệch này thì có một sự thật là những đức tin của bạn thường mâu thuẫn với nhau và đó thường là kết quả của thiên kiến xác nhận, nhưng nếu bạn biết điều này, thì bạn đã tiến gần hơn tới sự thật rồi!', '99000', 1, 20, 'kcixqyf6wn.jpg', '2022-07-05 23:03:46', 'admin', '2022-07-05 23:09:22', 'admin', 'active', 10, 4),
(49, 'Nghệ Thuật Tư Duy Phản Biện', 'Tư duy phản biện là một phần trong cuộc sống hằng ngày, bạn cần nắm lấy và phát triển từ nó. Thực hiện nghiên cứu của bạn, tìm kiếm các nguồn thông tin tốt, đưa ra lập luận của bạn và cân nhắc phản bác, cân nhắc xem bạn có đưa ra giả định hay không và đừng vội vàng đưa ra quyết định nếu bạn không hài lòng với thông tin bạn thu thập được.\r\n\r\nBạn có phải là một y tá phẫu thuật hay thậm chí làm việc trong lĩnh vực y tế, thì bạn cũng có thể thực hiện một số hình thức thử nghiệm. Việc đưa ra quyết định về những việc cần xử lý tại nơi làm việc và ở nhà dựa trên mức độ ưu tiên và mức độ khẩn cấp của hoàn cảnh.\r\n\r\nNếu bạn có một dự án đến hạn vào ngày mai, dự án đó sẽ được ưu tiên hơn dự án đến hạn vào tháng sau. Đứa con mới sinh của bạn cần được vỗ về trước khi giúp đứa con lớn hơn làm bài tập về nhà và giúp ra những quyết định dựa trên khả năng suy nghĩ chín chắn của mình và cuốn sách này đã chỉ ra cách phát triển và nâng cao những kỹ năng đó để bạn được trao quyền đạt được nhiều thành quả và thành công hơn.\r\n\r\nBây giờ bạn đã có các kỹ năng cần thiết để trở thành một nhà tư tưởng phản biện hiệu quả, hãy bắt đầu sử dụng các kỹ năng mới phát triển của bạn ngay hôm nay. Thách thức bản thân đánh giá một cách nghiêm túc niềm tin của bạn và tự quyết định xem bạn có thực sự hiểu được ý nghĩa và lịch sử đằng sau những suy nghĩ và quan điểm của mình hay không. Bạn có thể hoặc không thay đổi quan điểm của mình, nhưng ít nhất bạn chắc chắn sẽ biết mình đang đứng ở đâu và tại sao. Hãy bắt đầu áp dụng lập luận phản biện trong cuộc sống hằng ngày của bạn khi bạn đưa ra quyết định và đưa ra kết luận cả lớn và nhỏ.\r\n\r\nTrong cuộc đời mỗi người, không ai có thể tránh được những tổn thương về mặt cảm xúc, nhưng nếu tâm trí và cảm xúc phân minh, bạn sẽ có thể lùi lại một bước trước những cảm xúc cá nhân để giải quyết tình huống theo cách có lợi nhất cho bạn. Đồng thời, bạn sẽ có thể sử dụng kỹ năng tư duy phản biện để thách thức các ý tưởng và lý tưởng. “Nghệ thuật tư duy phản biện” sẽ giúp bạn chuẩn bị sẵn bộ tư duy khẩn cấp của riêng mình, qua đó đưa ra những quyết định hợp lý, thấu đáo dựa trên bằng chứng thực tế.\r\n\r\nHãy nghĩ đến coi tư duy phản biện như một cơ hội để tương tác với những người khác và tìm hiểu quan điểm của họ. Đánh giá những gì người khác nói và xem xét các nguồn thông tin để quyết định xem chúng có xứng đáng hay không. “Nghệ thuật tư duy phản biện” là một tài liệu tuyệt vời giúp bạn học được những kỹ năng đó và bạn có thể tham khảo lại khi cần. Hãy nhớ rằng, hơn bất cứ điều gì, hãy rèn luyện kỹ năng tư duy phản biện của bạn, và bạn không bao giờ có thể sai lầm.\r\n\r\nLuyện tập làm nên sự hoàn hảo. Đừng ngần ngại triển khai các kỹ năng bạn đã học được trong cuốn sách này ngay hôm nay.\r\n\r\nMã hàng	8936066689922\r\nTên Nhà Cung Cấp	1980 Books\r\nTác giả	Albert Rutherford\r\nNgười Dịch	Mai\r\nNXB	NXB Lao Động\r\nNăm XB	2021\r\nTrọng lượng (gr)	300\r\nKích Thước Bao Bì	19 x 13 cm\r\nSố trang	280\r\nHình thức	Bìa Mềm\r\nSản phẩm hiển thị trong	\r\n1980 Books\r\nTủ Sách Tâm Lý Kỹ Năng\r\nSản phẩm bán chạy nhất	Top 100 sản phẩm Kỹ năng sống bán chạy của tháng\r\nTư duy phản biện là một phần trong cuộc sống hằng ngày, bạn cần nắm lấy và phát triển từ nó. Thực hiện nghiên cứu của bạn, tìm kiếm các nguồn thông tin tốt, đưa ra lập luận của bạn và cân nhắc phản bác, cân nhắc xem bạn có đưa ra giả định hay không và đừng vội vàng đưa ra quyết định nếu bạn không hài lòng với thông tin bạn thu thập được.\r\n\r\nBạn có phải là một y tá phẫu thuật hay thậm chí làm việc trong lĩnh vực y tế, thì bạn cũng có thể thực hiện một số hình thức thử nghiệm. Việc đưa ra quyết định về những việc cần xử lý tại nơi làm việc và ở nhà dựa trên mức độ ưu tiên và mức độ khẩn cấp của hoàn cảnh.\r\n\r\nNếu bạn có một dự án đến hạn vào ngày mai, dự án đó sẽ được ưu tiên hơn dự án đến hạn vào tháng sau. Đứa con mới sinh của bạn cần được vỗ về trước khi giúp đứa con lớn hơn làm bài tập về nhà và giúp ra những quyết định dựa trên khả năng suy nghĩ chín chắn của mình và cuốn sách này đã chỉ ra cách phát triển và nâng cao những kỹ năng đó để bạn được trao quyền đạt được nhiều thành quả và thành công hơn.', '129000', 0, 25, 'vha5njxcim.jpg', '2022-07-05 23:05:42', 'admin', '2022-07-05 23:16:54', 'admin', 'active', 10, 4),
(50, 'One Decision - Kỹ Năng Ra Quyết Định Sáng Suốt', 'Bạn là ai?\r\n\r\nBạn có trả lời được câu trả lời này không? Nếu bạn chưa có câu trả lời, có thể bạn đang sống một sống thiếu chân thực.\r\n\r\nSống chân thực là khi bạn chấp nhận bản thân mình và ngưng băn khoăn về những đánh giá của người khác, hoặc lo lắng kết quả như thế nào khi bỏ qua “miệng lưỡi thế gian”. Bạn biết con người thật của bạn.\r\n\r\nKhi bạn quyết định đọc quyển sách kỹ năng này, bạn đang thực hiện một quyết định – để sống chân thực, để là chính mình. Khi quyết định sống đúng với con người mình, bạn sẽ thành công.\r\n\r\nBạn thành công bất cứ khi nào bạn dấn thân vào một thử thách mới, quyết chọn một hướng đi mới. Thậm chí bạn tạo lập lại toàn bộ hay chỉ một phần cuộc đời, bạn đều có thể đọc quyển sách này để kết nối trở lại với phiên bản chân thực nhất của mình, và từ đó bắt đầu nhìn thấy nhiều cơ hội hơn. Bạn có thể dùng quyển sách này như một công cụ để đưa bản thân ra khỏi trạng thái đang cản trở bạn tiến bộ, hoặc như một cú hích truyền động lực cho bạn mạo hiểm, có thêm can đảm và lắng nghe trực giác mách bảo.\r\n\r\nKỹ năng ra quyết định sáng suốt mang có gì đặc biệt?\r\nOne Decision là tiếng gọi đánh thức linh hồn bạn, trao cho bạn bản kế hoạch chi tiết về cách đưa ra các quyết định mang lại cho bạn niềm vui và sự bình yên. Quyết định cũng giúp bạn khám phá sự tự do đến từ việc buông bỏ, ngừng nghi ngờ bản thân và an tâm tin rằng bất kể quyết định như thế nào, bạn hoàn toàn có quyền để mọi chuyện diễn ra một cách tự nhiên.\r\n\r\nTất cả mọi người đều có những định nghĩa riêng về một “cuộc sống tốt đẹp hơn”, vì vậy bạn xứng đáng có được quyển sách phát triển bản thân này và khám phá xem điều cốt lõi nào thật sự quan trọng trong đời bạn. Cuốn sách Kỹ năng ra quyết định sáng suốt có thể giúp bạn đạt được mục tiêu của mình dù đó là gì đi nữa, ví dụ:\r\n\r\n- Tìm thấy mục đích sống\r\n- Cải thiện sức khỏe tinh thần\r\n- Xây dựng những mối quan hệ chất lượng hơn\r\n- Làm ra nhiều tiền hơn\r\n- Cải thiện sức khỏe thể chất\r\n- Nâng cao đời sống tinh thần...\r\n\r\nHãy xem như đây là một món quà Mike Bayer dành tặng bạn trên con đường làm chủ cuộc đời mình. Bạn có thể đọc hết tất cả tất cả các chương hay chỉ xem qua một vài chương, nhưng khi bắt đầu đọc quyển sách này nghĩa là bạn đã quyết định đi bước đầu tiên. Mike sẽ đồng hành cùng bạn như một người khai vấn. Sẽ có các bài tập, bài thực hành và những việc bạn cần làm mà sẽ được hướng dẫn. Bạn sẽ thích thú khi thấy rằng bạn có thể khám phá bản thân mình nhiều đến mức nào trong quá trình này. Và đó là một phần lý do Saigon Books chọn cuốn sách này tặng bạn đọc. Còn lý do gì nữa? Bạn hãy đọc, cảm nhận và nói cho chúng tôi nghe nhé!\r\n\r\nVậy hãy bắt đầu thôi. Hãy cùng đi bước đầu tiên trên hành trình tạo ra những quyết định thành thật để bạn có thể có cuộc sống tốt hơn kể từ hôm nay với Mike.\r\n\r\nVà bước đầu tiên để bạn quyết định thay đổi cuộc đời mình là mua QUYẾT ĐỊNH!\r\n\r\nMã hàng	8935278605669\r\nTên Nhà Cung Cấp	Saigon Books\r\nTác giả	Mike Bayer\r\nNgười Dịch	Hoàng Di\r\nNXB	NXB Dân Trí\r\nNăm XB	2021\r\nTrọng lượng (gr)	300\r\nKích Thước Bao Bì	23.5 x 15.5 cm\r\nSố trang	248\r\nHình thức	Bìa Mềm\r\nSản phẩm hiển thị trong	\r\nSaigon Books\r\nSản phẩm bán chạy nhất	Top 100 sản phẩm Kỹ năng sống bán chạy của tháng\r\nBạn là ai?\r\n\r\nBạn có trả lời được câu trả lời này không? Nếu bạn chưa có câu trả lời, có thể bạn đang sống một sống thiếu chân thực.\r\n\r\nSống chân thực là khi bạn chấp nhận bản thân mình và ngưng băn khoăn về những đánh giá của người khác, hoặc lo lắng kết quả như thế nào khi bỏ qua “miệng lưỡi thế gian”. Bạn biết con người thật của bạn.\r\n\r\nKhi bạn quyết định đọc quyển sách kỹ năng này, bạn đang thực hiện một quyết định – để sống chân thực, để là chính mình. Khi quyết định sống đúng với con người mình, bạn sẽ thành công.\r\n\r\nBạn thành công bất cứ khi nào bạn dấn thân vào một thử thách mới, quyết chọn một hướng đi mới. Thậm chí bạn tạo lập lại toàn bộ hay chỉ một phần cuộc đời, bạn đều có thể đọc quyển sách này để kết nối trở lại với phiên bản chân thực nhất của mình, và từ đó bắt đầu nhìn thấy nhiều cơ hội hơn. Bạn có thể dùng quyển sách này như một công cụ để đưa bản thân ra khỏi trạng thái đang cản trở bạn tiến bộ, hoặc như một cú hích truyền động lực cho bạn mạo hiểm, có thêm can đảm và lắng nghe trực giác mách bảo.', '180000', 0, 28, 'nsbic0e4hp.jpg', '2022-07-05 23:13:33', 'admin', NULL, NULL, 'active', 10, 4),
(51, 'Bí Quyết Nghỉ Hưu Hạnh Phúc, Phóng Khoáng Và Tự Do', 'Có rất nhiều cuốn sách viết về nghỉ hưu, nhưng hầu hết sẽ chỉ nói với bạn làm thế nào để đảm bảo cuộc sống về hưu bằng những kế hoạch tài chính hoàn hảo. Ernie không làm điều đó. Vì ông cho rằng một kỳ nghỉ hưu vui vẻ không phụ thuộc hoàn toàn vào số tiền trong tài khoản của bạn, sự khỏe mạnh về mặt thể chất, tinh thần, sự hỗ trợ vững chắc về mặt xã hội cũng quan trọng hệt như tình hình tài chính.\r\n\r\n“Bí quyết nghỉ hưu hạnh phúc, phóng khoáng và tự do” ra đời như một lời ca tụng nghỉ hưu là sự khởi đầu, không phải kết thúc như nhiều quan niệm trước đây. Nghỉ hưu là khi bạn bắt đầu chương mới của cuộc đời mình với tất cả sự thoải mái, khi bạn lập trình lại thế giới theo nhịp điệu vận hành của riêng mình.', '199000', 0, 45, 'te72gw0xoz.jpg', '2022-07-05 23:15:20', 'admin', NULL, NULL, 'active', 10, 4),
(52, 'Mẹ À, Cuộc Sống Thật Dễ Dàng', '“Mẹ à, cuộc sống thật dễ dàng” là một cuốn sách hướng dẫn chi tiết và thú vị về việc biến giấc mơ hoang dại nhất của bạn thành sự thật. Nếu bạn là một người hay bộc phát những ý tưởng tuyệt vời và chìm đắm với chúng thì đây là cuốn sách sẽ truyền cảm hứng cho bạn để đạt được tất cả điều đó. Với phong cách tươi mới, hài hước và thâm thúy, Ernie nhắc nhở độc giả rằng cuộc sống là chuỗi những thách thức và chính cách bạn đối mặt mới tạo nên giá trị bản thân.\r\n\r\nKhông giống như hầu hết các cuốn sách truyền cảm hứng chỉ đơn giản là giải thích một lý thuyết hoặc cách sống nhất định, cuốn sách của Ernie Zelinski được dựng thành một câu chuyện với những trích dẫn tuyệt vời, là nguồn cổ vũ thúc đẩy bạn không ngừng chinh phục khát vọng của bản thân.\r\n\r\nCâu chuyện ngụ ngôn bắt đầu khi Sheldon, một người trẻ tuổi, gặp gỡ Brock, một người đàn ông trung niên thành đạt, người đã đạt được sự thành công đặc biệt và rất thịnh vượng trong cuộc sống của ông ấy, rồi hàng tá thứ ập đến…\r\n\r\nSheldon tìm được một cuốn sách bí ẩn được gọi là Life’s Secret Handbook kế bên chiếc điện thoại công cộng với những câu ngạn ngữ đáng suy ngẫm. Những câu ngạn ngữ từ cuốn sổ tay này sẽ xuất hiện xuyên suốt trong câu chuyện từ đầu đến cuối. Bạn nên thêm chúng vào bộ sưu tập những câu nói truyền lửa của mình. Vì nó như món quà tác giả dành tặng cho bạn đọc, những con người phi thường bị kìm hãm bởi lối tư duy bình thường: Bạn hoàn toàn có thể tạo nên kỳ tích trong đời mình.\r\n\r\nQuan trọng hơn, bạn sẽ ngạc nhiên bởi tính mộc mạc của thông điệp chính trong “Mẹ à, cuộc sống thật dễ dàng”. Thông điệp rất đơn giản nhưng cũng rất mạnh mẽ. Dựa trên “Những Nguyên Tắc Đơn Giản của Cuộc Sống”, thông điệp này sẽ giúp bạn định hình cuộc đời mình bằng cách đặt ra những câu hỏi:\r\n\r\nBạn là ai? Thế mạnh là gì? Hạn chế ở đâu?\r\n\r\nLiệu bạn sẽ để quá khứ hay tiềm năng của bản thân xác định đích đến tương lai?\r\n\r\n“Cứ sống bình thường, trời xanh không tuyệt đường” hay chính bạn là người lựa chọn mình sẽ trở nên như thế nào?\r\n\r\nBạn có đang là diễn viên phụ trong cuộc đời của chính mình?\r\n\r\nNếu không phải bạn, thì ai là người chịu trách nhiệm cho cuộc đời bạn đây?\r\n\r\nBên cạnh đó, Ernie cũng cố gắng chia sẻ đến tất cả những ai đang cảm thấy mệt mỏi và bất lực rằng: thay vì theo đuổi trạng thái làm việc vất vả chỉ để được công nhận, hãy để sức mạnh của lẽ thường và khả năng sáng tạo trở thành nhân tố chủ chốt giúp bạn đạt được thành công, sự độc lập về tài chính và sự tự do cá nhân.\r\n\r\n“Mẹ à, cuộc sống thật dễ dàng” nhất định sẽ mở ra chuyến phiêu lưu thú vị cho những đôi chân trần không ngừng kiếm tìm bản thân mỗi ngày.   \r\n\r\nTrích dẫn hay:\r\n\r\n“Sống chỉ để đạt được điều gì đó thì không đủ.\r\n\r\nGiống như chú bướm, một tâm hồn thích phiêu lưu cần một cuộc sống phong phú và vui tươi – cỏ xanh và cánh diều hạnh phúc, tự do đến những nơi nó muốn, và niềm vui đang chờ đợi nó.”\r\n\r\n---\r\n\r\n“Khi tiền mất đi, thì mất một ít;\r\n\r\nKhi thời gian mất đi, thì mất nhiều hơn;\r\n\r\nKhi sức khỏe mất đi, thực tế là mọi thứ đều mất;\r\n\r\nVà linh hồn sáng tạo mất đi, thì không còn lại gì.”\r\n\r\nSƠ LƯỢC VỀ TÁC GIẢ\r\n\r\nErnie J. Zelinski là tác giả, diễn giả, chuyên gia tư vấn sự nghiệp cho mọi tầng lớp trong xã hội. Ông đã giúp cho cuộc đời hàng ngàn người có sự chuyển biến lớn và giúp họ lên kế hoạch nghỉ hưu thông qua những cuốn sách có khả năng biến đổi cuộc sống của ông.\r\n\r\n15 tác phẩm sáng tạo của Ernie đã được xuất bản tại 29 quốc gia dưới 22 ngôn ngữ và đã bán được hơn 900.000 bản trên toàn thế giới. RBooks trân trọng mời bạn đón đọc phiên bản tiếng Việt của hai cuốn sách bán chạy nhất thế giới là The Joy of Not Working (Niềm Vui Của Việc Ngừng Lao Động) và How to Retire Happy, Wild, and Free (Bí Quyết Nghỉ Hưu Hạnh Phúc Phóng Khoáng và Tự Do) đã được giới thiệu trên các phương tiện truyền thông quốc tế lớn như tờ The Wall Street Journal và đã bán được hơn 575.000 bản.\r\n\r\nRBooks trân trọng giới thiệu đến bạn đọc cùng khám phá bộ sách của tác giả Ernie J. Zelinski mà công ty phát hành:\r\n\r\nNiềm vui của việc ngừng lao động.\r\n\r\nBí quyết nghỉ hưu hạnh phúc phóng khoáng và tự do.\r\n\r\nMẹ à, cuộc sống thật dễ dàng.\r\n\r\nMã hàng	8935298500180\r\nNhà Cung Cấp	Cty TNHH R BOOKS\r\nTác giả	Ernie J Zelinski\r\nNgười Dịch	RBooks\r\nNXB	NXB Lao Động\r\nNăm XB	2020\r\nNgôn Ngữ	Tiếng Việt\r\nTrọng lượng (gr)	320\r\nKích Thước Bao Bì	20.5 x 14.5 cm\r\nSố trang	292\r\nHình thức	Bìa Mềm\r\nSản phẩm hiển thị trong	\r\nR Books\r\nSản phẩm bán chạy nhất	Top 100 sản phẩm Kỹ năng sống bán chạy của tháng\r\nMẹ À, Cuộc Sống Thật Dễ Dàng\r\n\r\n “Mẹ à, cuộc sống thật dễ dàng” là một cuốn sách hướng dẫn chi tiết và thú vị về việc biến giấc mơ hoang dại nhất của bạn thành sự thật. Nếu bạn là một người hay bộc phát những ý tưởng tuyệt vời và chìm đắm với chúng thì đây là cuốn sách sẽ truyền cảm hứng cho bạn để đạt được tất cả điều đó. Với phong cách tươi mới, hài hước và thâm thúy, Ernie nhắc nhở độc giả rằng cuộc sống là chuỗi những thách thức và chính cách bạn đối mặt mới tạo nên giá trị bản thân.\r\nKhông giống như hầu hết các cuốn sách truyền cảm hứng chỉ đơn giản là giải thích một lý thuyết hoặc cách sống nhất định, cuốn sách của Ernie Zelinski được dựng thành một câu chuyện với những trích dẫn tuyệt vời, là nguồn cổ vũ thúc đẩy bạn không ngừng chinh phục khát vọng của bản thân.', '179000', 0, 42, 'q5sai9wdcp.jpg', '2022-07-05 23:18:27', 'admin', '2022-07-05 23:19:07', 'admin', 'active', 10, 4),
(53, 'Ý Chí Sắt Đá', 'Năm 1893, một khách sạn ở Nebraska nước Mỹ đã bị thiêu rụi trong một trận hỏa hoạn. Người chủ khách sạn may mắn thoát chết, nhưng 5000 trang bản thảo, thành quả của tất cả số thời gian rảnh rỗi ít ỏi mà ông dành dụm trong suốt 15 năm đã tan thành tro bụi. Không có thời gian để suy sụp trước mất mát quá lớn đó, ngay khi tàn tích của khách sạn vẫn còn đang bốc khói, người đàn ông không may đã chạy đi mua một cuốn sổ tay 25 xu và bắt đầu ngồi viết lại những gì ông còn nhớ được từ tập bản thảo đã mất.\r\n\r\nMột con người kiên trì, sắt đá đến vậy hẳn nhiên phải là một tác giả thành công. Ông chính là Orison Swett Marden, tác giả truyền cảm hứng nổi tiếng người Mỹ với hàng chục bản thảo truyền động lực cho hàng triệu thanh niên Mỹ nhiều thế hệ. Ông được xem là một trong những tác giả truyền cảm hứng thời kỳ đầu tiên và xuất sắc nhất nước Mỹ. Tất cả những tác giả best-seller hiện đại sau này như Stephen R. Covey, Napoleon Hill, v.v… đều chịu ảnh hưởng của ông. Sự thực là, cho đến tận ngày nay, sau hơn 100 năm, giọng văn và những bài học trong tác phẩm của ông vẫn rất gần gũi với người đọc hiện đại. Bởi thời nào cũng vậy, những con người có ý chí kiên cường luôn là tấm gương để mỗi người noi theo', '999000', 0, 90, 'd6ieh8a904.jpg', '2022-07-05 23:20:28', 'admin', '2022-07-05 23:20:49', 'admin', 'active', 10, 4),
(54, 'Bạn Có Thể Nhưng Bạn Dám Không?', 'Cho dù bóng tối bao phủ rợp trời, các cơn bão ập đến liên miên, thì Mặt Trời vẫn chiếu sáng phía sau những đám mây\r\n\r\nNếu bạn muốn làm chủ đam mê và cảm xúc, muốn chinh phục những khó khăn thay vì bị chúng vùi dập, hãy nhìn sâu vào mình mỗi sáng thức dậy và mỗi tối trước khi đi ngủ để đánh thức sức mạnh tiềm ẩn. Hãy nhớ rằng:\r\n\r\nChỉ cần CỨNG LÒNG thôi, bạn sẽ làm được những điều TUYỆT VỜI nhất', '99000', 1, 69, 'v82x1wptyz.jpg', '2022-07-05 23:22:50', 'admin', '2022-07-06 12:27:06', 'admin', 'active', 10, 6),
(55, 'Combo Người Thành Công Không Bao Giờ Trì Hoãn + Những Người Thành Công Tin Tưởng Vào Điều Gì? (Bộ 2 Cuốn)', 'Những người thành công tin tưởng vào điều gì? Như một “hiệp ước” về hạnh phúc, sáng tạo, vận may, ước mơ, sự kiên định… Thông qua các tác phẩm của mình, Marden muốn gửi tới bạn đọc thông điệp: Bạn không thể thành công khi còn nghi ngờ khả năng của bản thân hoặc luôn nghĩ rằng mình sẽ thất bại. Hãy suy nghĩ tích cực và luôn giữ vững niềm tin.\r\n\r\nHãy để những suy nghĩ lạc quan và vui vẻ lấp đầy tâm trí, đó cũng chính là những hình ảnh minh chứng cho thành công của bạn. Chúng đánh tan bóng ma của nghi ngờ và sợ hãi, mang đến cho bạn sức mạnh vượt qua mọi khó khăn để đạt được mục tiêu. Cho dù bạn có gia cảnh khốn khó, dù cuộc sống của bạn bị bủa vây thế nào thì cũng đừng để đói nghèo hay nghịch cảnh kìm giữ bạn. Hãy luôn khẳng định ưu thế của mình trong mọi hoàn cảnh. Hãy tin vào bản thân, hãy tâm niệm rằng bạn có thể kiểm soát những gì đang diễn ra xung quanh, từ đó, giữ vững tâm thế rằng bạn sẽ làm chủ tình huống và tìm ra phương án giải quyết cho tất cả các vấn đề. Đó chính là yếu tố then chốt mang lại sức mạnh, giúp bạn phát huy tối đa khả năng, thay đổi toàn bộ con người bạn và mang lại thành công như một điều tất yếu. Nó giúp bạn có thêm sức mạnh, xua tan nghi ngờ, sợ hãi, tự ti và thiếu quyết đoán.\r\n\r\nSau khi gấp cuốn sách lại, bạn sẽ nhận ra một điều: sức mạnh giúp bạn vượt qua tất cả khó khăn để đạt được thành công chẳng cần tìm kiếm đâu xa mà chính trong bản thân bạn!', '372000', 0, 60, 'wr20xa4jng.jpg', '2022-07-05 23:24:49', 'admin', NULL, NULL, 'active', 10, 4),
(56, 'Mỗi Ngày Bắt Bằng Nụ Cưới Ngay Cả Tăm Tối Cũng Phải Tươi Rói', '“Sự mệt mỏi trong tinh thần hiếm khi nảy sinh do những sự cố bạn đang phải đối mặt mà vì lo lắng về những khó khăn trong tương lai. Những người mải nhìn về phía trước, tưởng tượng đến những khó khăn dường như quá sức, cuối cùng sẽ tự làm mình kiệt lực. Hãy sống trong hôm nay thôi, hãy làm điều cần thiết ngay lúc này. Quá khứ dù có khó khăn, lầm lẫn, có bao điền khiến bạn hối hận, nhưng nó đã kết thúc rồi”\r\n\r\nCheerfulness as a Life Power hay Bắt đầu mỗi ngày bằng nụ cười, ngay cả tăm tối cũng phải tươi rói là những bài học và câu chuyện về cuộc sống tuyệt vời của một người lạc quan. Orison (1848 - 1924), được xem là một trong những tác giả truyền cảm hứng thời kỳ đầu tiên và xuất sắc nhất nước Mỹ cho rằng, chỉ có một tâm hồn luôn vui vẻ mới làm cỗ máy thân thể này luôn tươi trẻ và vận hành được tốt nhất. Có rất nhiều điều cần làm, vì vậy hãy biết cách bảo dưỡng để nâng cao năng suất cho cỗ máy làm việc của bạn bằng những nụ cười thật tươi\r\n\r\nCuốn sách này sẽ chỉ cho bạn cách để tìm ra “nụ cười của cơ hội” trong muôn  mặt cuộc đời! Hãy thay đổi thế giới bằng nụ cười của bạn, đừng để thế giới thay đổi nụ cười của bạn!', '69000', 0, 10, 'eocphr52v4.jpg', '2022-07-05 23:26:45', 'admin', NULL, NULL, 'active', 10, 4),
(57, 'Nguyên Lý Marketing', 'Cuốn sách có thể được xem như là giáo trình kinh điển dành cho bất cứ ai muốn nghiên cứu lĩnh vực marketing, bởi nó chứa bên trong gần như tất cả những gì bạn cần biết về marketing – từ định nghĩa, lý luận, các nguyên tắc, cho đến ứng dụng, ví dụ thực tế. Sách cũng không ngừng được chỉnh sửa, tái biên soạn, cập nhật thêm thông tin, trường hợp nghiên cứu mới cho phù hợp với tình hình kinh tế không ngừng thay đổi.', '999000', 0, 30, 'v6e8fdhy3g.jpg', '2022-07-05 23:29:24', 'admin', '2022-07-05 23:30:11', 'admin', 'active', 10, 2),
(58, 'Từ Chiến Lược Marketing Đến Doanh Nghiệp Thành Công', 'Việc tìm hiểu, nghiên cứu và phân tích thị trường, lĩnh vực hoạt động của doanh nghiệp rất quan trọng để xây dựng nên một chiến lược marketing phù hợp, từ đó giúp tối ưu các hoạt động và đem lại những lợi ích cốt lõi cho doanh nghiệp cũng như cho mục tiêu vì xã hội. Trong “Từ chiến lược marketing đến doanh nghiệp thành công”, Philip Kotler, một trong những tiếng nói hàng đầu của thế giới về kinh doanh và tiếp thị, và Nancy Lee, Chủ tịch Social Marketing Services, Inc., cung cấp 25 thực tiễn tốt nhất, giúp bạn có được cái nhìn sâu sắc nhất trong việc ra quyết định trong lĩnh vực trách nhiệm xã hội của doanh nghiệp cũng như có được chiến lược marketing hiệu quả nhất, nhằm tối đa hóa lợi nhuận của doanh nghiệp, đồng thời thực hiện tốt nhất các vấn đề về môi trường, kinh tế và xã hội. Với cuốn sách này, bạn sẽ học hỏi được những bài học sâu sắc và đó chính là chìa khóa giúp bạn đạt được thành công.', '168000', 0, 32, 'g85p3en0qv.jpg', '2022-07-05 23:32:08', 'admin', NULL, NULL, 'active', 10, 2),
(59, 'MBA Marketing', 'Marketing đang ngày càng chiếm một vị trí quan trọng trong sự thành công của doanh nghiệp. Một chiến lược marketing hiệu quả sẽ giúp tăng cường mức độ nhận diện thương hiệu của công ty, thúc đẩy doanh số và nâng cao mối quan hệ với khách hàng.\r\n\r\nLà giáo trình được sử dụng trong hệ thống MBA tại Nhật Bản, cuốn sách  “MBA Marketing” sẽ cung cấp cho bạn những kiến thức chuyên ngành về chiến lược tiếp thị và bán hàng thông qua các ví dụ trực quan về bí quyết thành công của các doanh nghiệp hàng đầu thế giới, qua đó giúp bạn xác định chính xác những bước cần thực hiện để xây dựng chiến lược marketing hiệu quả nhất cho doanh nghiệp của mình.\r\n\r\nĐây là cuốn sách giáo trình được sử dụng trong hệ thống giảng dạy MBA tại Đại học Thương mại Nagoya của Nhật Bản. Là ngôi trường đầu tiên tại Nhật Bản áp dụng phương pháp nghiên cứu tình huống và đưa ra ví dụ về một doanh nghiệp thành công, sau đó để các sinh viên tự thảo luận nhằm rút ra bài học thay vì học theo giáo án có sẵn.', '169000', 0, 10, 'bfre4m0zv5.jpg', '2022-07-05 23:33:47', 'admin', NULL, NULL, 'active', 10, 2),
(60, 'Đừng Bán Thứ Bạn Có, Hãy Bán Thứ Khách Cần', 'Bạn là một người hành nghề dịch vụ có kỹ năng vượt trội. Bạn có tầm nhìn. Bạn có đam mê. Bạn rằng bạn có thể làm cho thế giới tốt đẹp hơn với tài năng bạn có. Bạn cũng đã thấy trước cảnh mình sống một cuộc sống theo đúng giấc mơ của mình, thành quả của việc chấp nhận những rủi ro khi tự hành động một mình, tự làm ông chủ của chính mình, và không phải nghe theo lời của bất kỳ ai cả.\r\n\r\nTuy nhiên, thực tế kỹ năng tốt trong ngành học của bạn và đam mê hành nghề không tạo ra được một công việc kinh doanh thành công.\r\n\r\n Trong cuốn sách này, Shawn Dill và Lacey Book chia sẻ các chiến lược về tiếp thị, bán hàng, tư duy và kinh doanh, giúp bạn tiếp cận nhiều khách hàng hơn, phát triển doanh nghiệp và tạo ra cuộc sống mà bạn luôn mơ ước.  Cuốn sách này sẽ tặng bạn một công cụ để triển khai quá trình tới  những công việc kinh doanh thành công và quy luật để vận hành chúng, dựa trên những bài học từ thành công của chính tác giả (và quan trọng hơn, là từ những thất bại của họ). Từ việc đặt mục tiêu đúng hướng cho tới việc thực hiện những phương pháp quản lý thời gian nghiêm ngặt, bạn sẽ bước vào công việc kinh doanh của mình.\r\n\r\nBạn sẽ học được cách phá bỏ sự kỳ thị đối với quảng cáo và tiếp thị. Bạn cần phải tiếp thị. Về bản chất, bạn cần phải làm tất cả những việc bạn ghét khi kinh doanh để có thể trở thành một nhà cung cấp dịch vụ độc lập và thành công.\r\n\r\nHọ sẽ dạy bạn cách tiếp nhận nhiều tư duy có thể giúp bạn phục vụ được nhiều người hơn bằng khả năng tốt nhất của bạn, và làm sao để những khách hàng giàu có không nhất thiết lúc nào cũng là phương tiện bắt buộc để giúp bạn có tài chính tốt hơn. \r\n\r\nBạn sẽ hiểu được điều khác biệt quan trọng giữa việc tự làm ông chủ của chính mình với việc trở thành một doanh nhân thực thụ - điều mà bất kỳ ai khi bát đầu kinh doanh cũng mong muốn . Cuốn sách sẽ cho bạn một cách tiếp cận hiệu quả để giúp những nhà cung cấp dịch vụ trở thành những doanh nhân. \r\n\r\nHãy tạo ra thành công to lớn hơn cho bản thân để có thể cung cấp dịch vụ của mình cho những người cần nó nhất.\r\n\r\nMã hàng	8936066688772\r\nTên Nhà Cung Cấp	1980 Books\r\nTác giả	Shawn Dill, Lacey Book\r\nNgười Dịch	Phan Anh Tú\r\nNXB	NXB Lao Động\r\nNăm XB	2020\r\nNgôn Ngữ	Tiếng Việt\r\nTrọng lượng (gr)	230\r\nKích Thước Bao Bì	19 x 13 cm\r\nSố trang	216\r\nHình thức	Bìa Mềm\r\nSản phẩm bán chạy nhất	Top 100 sản phẩm Marketing - Bán Hàng bán chạy của tháng\r\nBạn là một người hành nghề dịch vụ có kỹ năng vượt trội. Bạn có tầm nhìn. Bạn có đam mê. Bạn rằng bạn có thể làm cho thế giới tốt đẹp hơn với tài năng bạn có. Bạn cũng đã thấy trước cảnh mình sống một cuộc sống theo đúng giấc mơ của mình, thành quả của việc chấp nhận những rủi ro khi tự hành động một mình, tự làm ông chủ của chính mình, và không phải nghe theo lời của bất kỳ ai cả.\r\n\r\nTuy nhiên, thực tế kỹ năng tốt trong ngành học của bạn và đam mê hành nghề không tạo ra được một công việc kinh doanh thành công.\r\n\r\n Trong cuốn sách này, Shawn Dill và Lacey Book chia sẻ các chiến lược về tiếp thị, bán hàng, tư duy và kinh doanh, giúp bạn tiếp cận nhiều khách hàng hơn, phát triển doanh nghiệp và tạo ra cuộc sống mà bạn luôn mơ ước.  Cuốn sách này sẽ tặng bạn một công cụ để triển khai quá trình tới  những công việc kinh doanh thành công và quy luật để vận hành chúng, dựa trên những bài học từ thành công của chính tác giả (và quan trọng hơn, là từ những thất bại của họ). Từ việc đặt mục tiêu đúng hướng cho tới việc thực hiện những phương pháp quản lý thời gian nghiêm ngặt, bạn sẽ bước vào công việc kinh doanh của mình.', '110000', 0, 20, 'hvzkj5dmx1.jpg', '2022-07-05 23:35:03', 'admin', NULL, NULL, 'active', 10, 2),
(61, 'Marketing - Đột Phá Trước Khi Bị Đá', 'Cùng với sự trỗi dậy của Facebook và Twitter, các trang web đánh giá sản phẩm và những cá nhân có sức ảnh hưởng trên mạng, người tiêu dùng đột nhiên có một diễn đàn mở rộng để cất lên tiếng nói của mình về các sản phẩm dịch vụ, cũng như chia sẻ ý kiến và trải nghiệm của họ cho hàng ngàn người khác...\r\n\r\nCán cân quyền lực đã thay đổi: một lời bình luận của một khách hàng trên mạng về một thương hiệu có thể tác động đến hình ảnh của thương hiệu trước mắt công chúng còn nhiều hơn một chiến dịch marketing được tính toán chỉn chu.\r\n\r\nDoanh nghiệp mất đi quyền điều khiển chính hình ảnh thương hiệu của mình, cũng có nghĩa là doanh nghiệp phải liên tục tái cấu trúc lại tư duy về hướng tiếp cận marketing! \r\n\r\n* Tác giả: Shama Hyder', '120000', 0, 20, 'l01je52mgy.jpg', '2022-07-05 23:36:33', 'admin', NULL, NULL, 'active', 10, 2),
(62, 'Marketing Cho Start Up', 'Bạn đang cầm trên tay cuốn sách chứa đựng những tài liệu giá trị từ các phóng viên kỳ cựu, các biên tập viên xuất sắc và các chuyên gia giàu kinh nghiệm về lĩnh vực marketing và kinh tế.\r\n\r\nĐừng ngạc nhiên nếu Marketing cho Startup của Simona Covel sẽ “thổi bay” những quan niệm cũ của bạn về marketing trong kinh doanh ở thời đại mới. Hãy để cuốn sách đồng hành cùng thành công của công ty khởi nghiệp của bạn.+\r\n\r\nĐể đưa một công ty khởi nghiệp lên bệ phóng, không có gì hữu hiệu hơn là một chiến lược marketing tuyệt vời. Cho dù ý tưởng ban đầu của bạn có tham vọng đến cỡ nào nhưng công ty sẽ rơi vào đình trệ nếu không có các chiến dịch quảng bá, tạo đà và thúc đẩy doanh số. Nhưng thực tế có bao nhiêu nhà khởi nghiệp làm marketing xuất sắc?\r\n\r\nChắc hẳn, con số này không nhiều', '520000', 0, 40, 'gtvbxm7dn3.jpg', '2022-07-05 23:38:45', 'admin', '2022-07-05 23:39:21', 'admin', 'active', 10, 2),
(63, 'Bí Quyết Bứt Phá Tăng Trưởng Trên Mạng Xã Hội', 'Nếu bạn vẫn còn suy nghĩ rằng làm marketing trên Social Media là chỉ cần đăng bài lên một vài kênh social, chạy ads, trả lời comment, inbox và chốt đơn hàng, thế là xong thì bạn đang hoàn toàn lãng phí tiềm năng vốn có của nó để tạo ra lợi nhuận khủng cho doanh nghiệp.\r\n\r\nBạn cần hiểu khách hàng mục tiêu của mình để xây dựng một chiến lược content hoàn hảo. Những nội dung bạn đăng tải trên các kênh social cũng phải được nhất quán với nhau và được phân bố thời gian một cách hợp lý. Không quá dày đặc khiến khách hàng bị “bội thực” vì những bài quảng cáo sản phẩm nhưng đừng quá ít để họ có thể dễ dàng lãng quên. Và việc thay đổi, làm mới các mẫu content là điều nhất thiết khi bạn làm Social Media Marketing để không tạo cảm giác nhàm chán trong mắt công chúng. Hãy nhìn những thương hiệu lớn như Coca - Cola, Durex, họ luôn thiên biến vạn hóa cách làm của mình khiến người tiêu dùng đứng ngồi không yên trước mỗi chiến dịch ra mắt sản phẩm mới. Đó chính là dấu ấn họ để lại sâu đậm trong lòng khách hàng. Đặc biệt, có một điều bạn phải luôn nhớ, một thương hiệu tốt sẽ có dịch vụ chăm sóc khách hàng tốt. Đừng bao giờ quên điều này, khách hàng có thể trung thành với bạn nhưng rồi một ngày họ cũng có thể rời bỏ bạn mà đi chỉ vì sự thiếu chuyên nghiệp trong việc giải quyết các khiếu nại.', '169000', 0, 30, 'dbq63fs9k7.jpg', '2022-07-05 23:40:47', 'admin', NULL, NULL, 'active', 10, 2),
(64, 'Tiktok Marketing', 'TikTok đang bùng nổ ở mọi nơi và đã trở thành một trong những ứng dụng được tải xuống nhiều nhất thế giới. Không có gì ngạc nhiên khi các nhà tiếp thị đã bắt đầu nhìn thấy tiềm năng của nền tảng này. Kinh doanh đi cùng với xu hướng thì mới có thể phát triển và tiếp cận gần hơn với nhiều tập khách hàng. TikTok đã thu hút được sự chú ý lớn từ nhiều nhà kinh doanh khi mạng xã hội này có thể tạo ra những content vô cùng đặc sắc, đồng thời còn là một kênh marketing hiệu quả.\r\n\r\nCuốn sách này là một hướng dẫn TikTok marketing, trả lời những câu hỏi của các nhà marketing khi nghĩ về TikTok, gợi ý những cách thức khả thi mà các thương hiệu có thể tận dụng tối đa TikTok. Nhiều thương hiệu kết hợp việc điều hành các kênh riêng của họ và làm việc với những người có ảnh hưởng để truyền bá nội dung đến đối tượng rộng hơn. Các thương hiệu cũng có thể thực hiện chiến dịch TikTok marketing của mình bằng cách khuyến khích các thử thách kèm hashtag trên TikTok. Khi thử thách #hashtag được đưa ra trên TikTok, mọi người có thể tham gia chỉ bằng vài lần nhấp chuột.', '499000', 1, 49, '7g38tvwhcq.jpg', '2022-07-05 23:42:11', 'admin', '2022-07-06 14:32:30', 'admin', 'active', 10, 2),
(65, 'Châu Nhuận Phát - Đại Hiệp Hồng Kông', 'Cuốn sách đầy đủ và chi tiết nhất về ngôi sao điện ảnh Hồng Kông Châu Nhuận Phát từng được phát hành trên thế giới.\r\n\r\nVới mong muốn mang đến một bức tranh toàn diện, sâu sắc về cuộc đời diễn viên Châu Nhuận Phát, First News - Trí Việt không chỉ dịch từ một khảo cứu điện ảnh Hồng Kông dựa trên sự nghiệp Châu Nhuận Phát của Tiến sĩ Lin Feng - “Chow Yun-Fat and Territories of Hong Kong Stardom”, mà còn tổng hợp, phân tích thêm rất nhiều tư liệu quý về diễn viên huyền thoại này để ra mắt độc giả Việt Nam.\r\n\r\nChâu Nhuận Phát không chỉ là một người được công chúng đặc biệt yêu mến mà còn là biểu tượng lớn của nền điện ảnh mang đậm bản sắc Hồng Kông. Điều này được khẳng định không chỉ bởi tài năng và sự cống hiến hơn 40 năm trên màn ảnh, mà còn bởi đức độ, nhân cách, khí chất, nghĩa khí và sự khiêm nhường hiếm có của “người hùng” Châu Nhuận Phát.\r\n\r\n Để vinh danh những cống hiến của Châu Nhuận Phát, Đại học Hồng Kông đã trao bằng Tiến sĩ Danh dự cho ông vào năm 2001. Năm 2003, một nội dung mới về sự nghiệp Châu Nhuận Phát được đưa vào trong sách giáo khoa tại Hồng Kông. Ông là nghệ sĩ Hồng Kông duy nhất có được vinh dự này. Ngành Giáo dục Hồng Kông cho rằng chính sự “chăm chỉ nỗ lực”, “khiêm tốn”, “hiếu thảo”, “tinh thần học hỏi suốt đời”, “khả năng tự hoàn thiện” và “tính chính trực” khiến Châu Nhuận Phát trở thành một tấm gương cho lớp trẻ, sinh viên, học sinh noi theo.\r\n\r\nKhông chỉ ghi dấu ấn ở tất cả mọi bước ngoặt quan trọng của điện ảnh Hồng Kông, Châu Nhuận Phát còn góp phần thúc đẩy cuộc cách mạng vượt giai cấp, truyền cảm hứng cho người Hồng Kông ở mọi tầng lớp vươn lên trong xã hội. Khi Châu Nhuận Phát tuyên bố hiến tặng toàn bộ tài sản hơn 700 triệu USD của mình cho người nghèo, có thể nói rằng Châu Nhuận Phát chính là một trong những nhân vật tiêu biểu góp phần tạo dựng nên “Niềm tự hào Hồng Kông”.\r\n\r\nChâu Nhuận Phát - Đại hiệp Hồng Kông mang đến cho độc giả bức tranh đa dạng của văn hóa, xã hội, điện ảnh Hồng Kông từ những năm 1950 cho đến nay. Thông qua chặng đường điện ảnh và sự tương tác của Châu Nhuận Phát đến văn hóa - xã hội Hồng Kông và khu vực, chúng ta hiểu được vì sao Hồng Kông lại vươn mình trở thành một con rồng châu Á với những phát triển vượt trội về kinh tế, giáo dục; và vì sao người Hồng Kông, giới trẻ Hồng Kông lại là những công dân ưu tú và có ý thức về tương lai Hồng Kông.\r\n\r\nMột Hương Cảng Hồng Kông đầy sống động và thăng trầm hiện lên trong hành trình của Châu Nhuận Phát với đủ hào khí, nghĩa tình, bi kịch, nụ cười và nước mắt. Sức hấp dẫn của thiên đường mua sắm Hồng Kông, sức hấp dẫn của những ngôi sao điện ảnh lừng lẫy một thời như Châu Nhuận Phát, Mai Diễm Phương, Trương Quốc Vinh, Lưu Đức Hoa… vẫn còn trong ký ức của chúng ta rất lâu. Do đó, “Châu Nhuận Phát - Đại hiệp Hồng Kông” không chỉ là cuốn sách dành cho những người hâm mộ Châu Nhuận Phát và điện ảnh Hồng Kông, cho những ai yêu Hồng Kông mà còn cho cả những ai đang đi tìm một hình mẫu nhân cách lý tưởng để học hỏi. Xét ở phạm vi toàn cầu, Châu Nhuận Phát của Hồng Kông chắc chắn nằm trong số những nhân vật “vô tiền khoáng hậu” đã để lại dấu ấn khó quên trong văn hóa đại chúng.\r\n\r\nNhận định về cuốn sách, Giáo sư Julian Stringer của Đại học Nottingham đã nói: “Với nhiều năm nghiên cứu hình tượng - ngôi sao xuyên quốc gia Châu Nhuận Phát, tác giả Lin Feng đã cho chúng ta thấu hiểu hành trình vô tiền khoáng hậu của một nghệ sĩ lớn chưa từng có tiền lệ tại Hồng Kông, đồng thời khám phá những chuyển mình lớn lao của Hồng Kông để trở thành một biểu tượng tỏa sáng của châu Á. Hơn bất kỳ một ai, Châu Nhuận Phát chính là người đã làm thay đổi ý nghĩa văn hóa ngôi sao không chỉ ở Hồng Kông”.\r\n\r\nMã hàng	8935086854327\r\nTên Nhà Cung Cấp	FIRST NEWS\r\nTác giả	Lin Feng\r\nNgười Dịch	Trần Hoàng Sơn, Nguyễn Hậu\r\nNXB	NXB Tổng hợp TP.HCM\r\nNăm XB	2021\r\nNgôn Ngữ	Tiếng Việt\r\nTrọng lượng (gr)	385\r\nKích Thước Bao Bì	20.5 x 14.5 x 1 cm\r\nSố trang	364\r\nHình thức	Bìa Mềm\r\nSản phẩm bán chạy nhất	Top 100 sản phẩm Nghệ Thuật - Giải Trí bán chạy của tháng\r\nChâu Nhuận Phát - Đại hiệp Hồng Kông\r\n\r\nCuốn sách đầy đủ và chi tiết nhất về ngôi sao điện ảnh Hồng Kông Châu Nhuận Phát từng được phát hành trên thế giới.\r\n\r\nVới mong muốn mang đến một bức tranh toàn diện, sâu sắc về cuộc đời diễn viên Châu Nhuận Phát, First News - Trí Việt không chỉ dịch từ một khảo cứu điện ảnh Hồng Kông dựa trên sự nghiệp Châu Nhuận Phát của Tiến sĩ Lin Feng - “Chow Yun-Fat and Territories of Hong Kong Stardom”, mà còn tổng hợp, phân tích thêm rất nhiều tư liệu quý về diễn viên huyền thoại này để ra mắt độc giả Việt Nam.\r\n\r\nChâu Nhuận Phát không chỉ là một người được công chúng đặc biệt yêu mến mà còn là biểu tượng lớn của nền điện ảnh mang đậm bản sắc Hồng Kông. Điều này được khẳng định không chỉ bởi tài năng và sự cống hiến hơn 40 năm trên màn ảnh, mà còn bởi đức độ, nhân cách, khí chất, nghĩa khí và sự khiêm nhường hiếm có của “người hùng” Châu Nhuận Phát.', '167000', 0, 12, 'vj6tsru0yi.jpg', '2022-07-05 23:45:04', 'admin', '2022-07-05 23:45:43', 'admin', 'active', 10, 9),
(66, 'Muôn Kiếp Nhân Sinh - Many Times, Many Lives - Tập 2', 'Hiếm có cuốn sách nào ngay từ khi ra mắt đã tạo nên hiện tượng văn hóa đọc và sau nửa năm đã trở thành cuốn sách bán chạy nhất năm 2020 tại Việt Nam như Muôn Kiếp Nhân Sinh. Cơn sốt của cuốn sách này tiếp tục được dấy lên vào dịp Tết Nguyên Đán 2021 khi công ty First News Trí Việt hé lộ đang “ngày đêm thực hiện Muôn Kiếp Nhân Sinh tập 2”. Đáp lại sự mong đợi của độc giả suốt hơn ba tháng, Muôn Kiếp Nhân Sinh tập 2 đã chính thức phát hành trên cả nước.\r\n\r\nMuôn Kiếp Nhân Sinh tập 2 của tác giả Nguyên Phong tiếp tục là những câu chuyện tiền kiếp, nhân quả luân hồi hấp dẫn gắn liền với những kiến giải uyên bác về quá khứ, hiện tại, tương lai của nhân loại và thế giới thông qua góc nhìn của cả khoa học và tâm linh. Chúng ta là ai, chúng ta đến từ đâu và sẽ đi về đâu? Làm cách nào để chữa lành thế giới này, hành tinh này trước những biến cố lớn đang và sẽ diễn ra trong tương lai gần?', '268000', 0, 25, '8q071z9y6c.jpg', '2022-07-05 23:47:25', 'admin', NULL, NULL, 'active', 10, 1),
(67, 'Nổi Tiếng Có Phải Là Một Món Quà', 'Nổi Tiếng Có Phải Là Một Món Quà\r\n\r\nCó bao giờ bạn tự hỏi vì sao những người nổi tiếng ở nhiều lĩnh vực: sân khấu, điện ảnh, hội họa, thời trang, văn học... lại có được tiếng tăm lẫy lừng như vậy chưa? Liệu điều gì đã làm nên tên tuổi của những con người ấy hay đơn giản chỉ là một món quà may mắn bất ngờ được trao tới số phận của mỗi người?\r\n\r\nĐể có thể giải đáp những thắc mắc này, bạn đọc hãy tím đến với cuốn \' Nổi Tiếng Có Phải Là Một Món Quà\' của nữ nhà báo Đinh Thu Hiền, để cùng hiểu rõ hơn về cuộc đời, sự nghiệp của 60 gương mặt người nổi tiếng vốn đã rất quen thuộc với bất cứ ai như: nhạc sĩ Nguyễn Ánh 9, nhà thơ Bùi Chí Vinh, ca sĩ Quang Dũng, ca sĩ Uyên Linh, nhà sản xuất âm nhạc Dương Khắc Linh...và rất nhiều tên tuổi đã từng phủ khắp các mặt báo khác.', '132000', 0, 0, 'v6z20aqo7y.jpg', '2022-07-05 23:48:56', 'admin', NULL, NULL, 'active', 10, 9),
(68, 'In The Golden Sun (Ngôn Ngữ Tiếng Anh)', 'n The Golden Sun\r\nThis is the third beautiful romance novel written by Duong Thuy that has been deservingly translated into English for the entire world to enjoy. The novel is a best seller in its original Vietnamese language, and is enjoyed by both young and old alike.\r\n\r\nThe story takes place in Belgium and involves a love triangle between a young Vietnamese girl, Phuong Vy, and two wealthy men. One of the men is a successful businessman who was born in France of Vietnamese parents, and who thoroughly understands and emerges himself in both the Western and the Vietnamese cultures. The other man is strictly a westerner, a Belgian, who has great responsibility and part ownership in a Belgian food production corporation, but who despises the Vietnamese culture. Both gentlemen express romantic interest in Phuong Vy, who is studying for her Master’s Degree at a Belgian university. The story keeps the reader in suspense right up to the very end. Which gentlemen will Phuong ultimately choose as her partner, or will she reject both?', '88000', 0, 0, '5hlfa6iugz.jpg', '2022-07-05 23:50:21', 'admin', NULL, NULL, 'active', 10, 9),
(69, 'Nhà Thơ Quang Dũng - Người Mang Trong Trắng Đi Tìm Thanh Cao', 'Nhà thơ Quang Dũng tên thật là Bùi Đình Diệm, sinh ngày 3 tháng 5 năm 1919 (theo bản khai lí lịch gửi Hội Nhà văn Việt Nam), từng tham gia Đoàn Võ trang Tuyên truyền Biên khu Lào - Việt (“đoàn binh Tây Tiến”). Tác phẩm văn học nổi tiếng nhất của ông - thi phẩm Tây Tiến (1949) - được viết trong giai đoạn này. Bài thơ là một trong những sáng tác nổi bật của giai đoạn Văn học Kháng chiến (1945 - 1954).\r\n\r\nQuang Dũng thành danh với vai trò nhà thơ, nên ít người biết ông còn là một họa sĩ chính danh. Trong bản khai lí lịch ngày 12 tháng 4 năm 1961, phần “làm việc gì”, ông ghi: “Họa sĩ thuộc ngành Hội họa, chi hội Văn Nghệ Liên khu 3 - năm 1952”. Đến nay, tác phẩm hội họa của Quang Dũng thất lạc nhiều, còn lại tròm trèm vài chục tranh màu nước, phác thảo, kí họa… dù vậy, cũng tương đối đủ để đánh giá về góc hội họa trong con người ông. Chưa có tài liệu cụ thể về nơi ông theo học mĩ thuật, chỉ có thể phỏng đoán rằng ông học vẽ thời phổ thông, theo chương trình từ xa (Cours ABC de Dessins par correspondance), gửi bài tập sang Pháp để chấm, sau đó nhận tiếp bài tập từ Pháp chuyển về, tiền học thanh toán bằng tem thư. Nhiều họa sĩ thành danh cũng học theo cách này, như họa sĩ Năng Hiển, họa sĩ Thy Ngọc', '116000', 0, 5, 'm1zgsx5n9u.jpg', '2022-07-05 23:52:01', 'admin', NULL, NULL, 'active', 10, 9),
(70, 'Tranh Truyện Dân Gian Việt Nam - Lý Ông Trọng', 'Ngày nay bên đê ven làng Chèm thuộc Hà Nội còn ngôi đền thờ Đức Thánh Chèm - chính là Lý Ông Trọng - một vị anh hùng với chiến công lẫy lừng khi xưa được dân gian truyền tụng. Mời em mở cuốn sách này để biết được những chiến công của nhân vật đặc biệt này nhé!\r\n\r\nNhững câu chuyện dân gian giúp các em giàu thêu mơ ước, biết sống đẹp và trân trọng truyền thống của ông.\r\n\r\nCÙNG TÌM DỌC HƠN 100 CUỐN TRANH TRUYỆN DÂN GIAN VIỆT NAM DO NXB KIM ĐỒNG ẤN HÀNH!', '15000', 0, 5, 'c3yjtim2en.jpg', '2022-07-05 23:53:57', 'admin', NULL, NULL, 'active', 10, 9),
(71, 'Ông Giáo Làng Trên Tầng Gác Mái', 'Ông Giáo Làng Trên Tầng Gác Mái\r\nTrong những trang sách tiếp theo, có thể bạn đọc sẽ cảm thấy chuyện đời tôi không hề bằng phẳng và cách tôi sống có đôi ba phần lạ lẫm, khác người. Những điều nhiều người thường làm, tôi lại không làm theo. Con đường phẳng phiu ngay trước mắt, tôi lại chẳng cất bước mà quyết rẽ vào con đường khúc khuỷu. \r\n\r\nTôi nghĩ cuộc đời mà bằng phẳng quá có khi lại vơi bớt đôi ba phần ý nghĩa. Những người có đời sống nhiều chông gai có khi là do chính ông trời ưu ái thế để họ được trải qua nhiều hoàn cảnh khác nhau, từ đó tích lũy vốn sống, cảm xúc, kinh nghiệm và ngày càng trưởng thành. Thế nên, khi gặp nghịch cảnh, trước tiên hãy cứ chấp nhận chúng rồi sau đó tập thích nghi và vượt qua.\r\n\r\nCó lúc tôi buồn lắm. Buồn nhiều tới mức không cách nào lướt qua hoặc không tìm được nơi nào chất chứa cho hết. Nhưng người ta buồn mãi rồi cũng sẽ có lúc vui thôi. Đời mình không có gì để vui thì phải kiếm ra chuyện để vui. \r\nNhững năm tháng tôi sống giống một dòng suối miệt mài chảy qua mọi địa hình, tận lực giữ cho mình không bị cạn kiệt trước khi hòa vào đại dương mênh mông. Tôi đã sống đơn giản như thế. \r\nChuyện đời tôi sẽ không có yếu tố nào giật gân để cuốn hút bạn đọc ngay từ đầu. Thế nên, mong bạn đọc hãy thong thả bước lên chuyến tàu ký ức của tôi, thong thả ngắm những khung cảnh xưa cũ lướt qua ô cửa sổ, và tất nhiên, bạn luôn có thể dừng ở bất cứ nhà ga nào bạn muốn. ', '150000', 0, 0, 'ey7x3smti1.jpg', '2022-07-05 23:56:11', 'admin', NULL, NULL, 'active', 10, 9),
(72, 'Khi Hơi Thở Hóa Thinh Không', 'Khi hơi thở hóa thinh không là tự truyện của một bác sĩ bị mắc bệnh ung thư phổi. Trong cuốn sách này, tác giả đã chia sẻ những trải nghiệm từ khi mới bắt đầu học ngành y, tiếp xúc với bệnh nhân cho tới khi phát hiện ra mình bị ung thư và phải điều trị lâu dài.\r\n\r\nKalanithi rất yêu thích văn chương nên câu chuyện của anh đã được thuật lại theo một phong cách mượt mà, dung dị và đầy cảm xúc. Độc giả cũng được hiểu thêm về triết lý sống, triết lý nghề y của Kalanithi, thông qua ký ức về những ngày anh còn là sinh viên, rồi thực tập, cho đến khi chính thức hành nghề phẫu thuật thần kinh. “Đối với bệnh nhân và gia đình, phẫu thuật não là sự kiện bi thảm nhất mà họ từng phải đối mặt và nó có tác động như bất kỳ một biến cố lớn lao trong đời. Trong những thời điểm nguy cấp đó, câu hỏi không chỉ đơn thuần là sống hay chết mà còn là cuộc sống nào đáng sống.” – Kalanithi luôn biết cách đưa vào câu chuyện những suy nghĩ sâu sắc và đầy sự đồng cảm như thế.\r\n\r\nBạn bè và gia đình đã dành tặng những lời trìu mến nhất cho con người đáng kính trọng cả về tài năng lẫn nhân cách này. Dù không thể vượt qua cơn bệnh nan y, nhưng thông điệp của tác giả sẽ còn khiến người đọc nhớ mãi.', '109000', 1, 20, 'uqser8z0lf.jpg', '2022-07-05 23:57:57', 'admin', '2022-07-29 12:34:47', 'admin', 'active', 10, 9),
(73, 'Từ Điển Tiếng “Em” - Tái Bản 2021', 'Ừ ĐIỂN TIẾNG “EM” – Định nghĩa về thế giới mới!\r\n\r\nBạn sẽ bất ngờ, khi cầm cuốn “từ điển” xinh xinh này trên tay.\r\n\r\nVà sẽ còn ngạc nhiên hơn nữa, khi bắt đầu đọc từng trang sách…\r\n\r\nDĩ nhiên là vì “Từ điển tiếng “Em” không phải là một cuốn từ điển thông thường rồi!\r\n\r\nNói đến “từ điển”, xưa nay chúng ta đều nghĩ về một bộ sách đồ sộ, giải thích ý nghĩa, cách dùng, dịch, cách phát âm, và thường kèm theo các ví dụ về cách sử dụng từ đó.\r\n\r\nTuy nhiên, với cuốn sách “Từ điển tiếng “em”, các bạn sẽ hết sức bất ngờ với những định nghĩa mới, bắt trend, sáng tạo, thông minh và vô cùng hài hước.\r\n\r\nTiếng “em” [danh từ] ở đây là tiếng lòng của những người yêu sự thật, ghét sự giả dối\r\n\r\nCô đơn [ tính từ ] không phải là không có ai bên cạnh, mà là người mình muốn ở cạnh lại không hề ở bên\r\n\r\nSống lỗi [ động từ ] là cách sống của mấy bạn có người yêu cái là bỏ bê bạn bè liền hà...\r\n\r\nNhưng đây không chỉ là cuốn sách chỉ biết nói dăm ba câu chuyện về tình yêu.\r\nCòn nhiều hơn thế!\r\n\r\nLà những câu cửa miệng của giới trẻ thời nay; là hoạt động tưởng vô bổ nhưng cần thiết cho sự sống: ăn, ngủ, tắm, gội cũng được định nghĩa hết sức dí dỏm... Và cũng không thiếu những “tật xấu, thói hư” nghĩ đến đã thấy “tức cái lồng ngực”...\r\n\r\nVà bạn yên tâm, “tập đoàn” Kho Từ Điển điều hành bởi Thịt Kho – Hiệp Thị - 2 chủ xị cho ra đời cuốn sách nhỏ bé xíu xiu nhưng mới mẻ và mặn mà vô cùng này sẽ khiến bạn thoát mác “người tối cổ” cười cả ngày không chán, nhìn bạn bè quanh mình bằng ánh mắt dễ thương, tận hưởng cuộc đời với những định nghĩa hoàn toàn!!!\r\n\r\nCuốn sách này giống như một chiếc hộp Pandora thú vị và hấp dẫn người đọc, vì bạn không thể đoán trước được tác giả sẽ “định nghĩa” câu nói đó theo nghĩa nào, cho ta thêm thích thú với những ngôn từ đáng yêu sử dụng mỗi ngày.\r\nVậy nên, ngay bây giờ, bạn đã sẵn sàng để mở ra những điều thú vị trong cuốn sách này chưa!!!\r\n\r\nMã hàng	8935325000980\r\nTên Nhà Cung Cấp	Skybooks\r\nTác giả	Khotudien\r\nNXB	NXB Phụ Nữ Việt Nam\r\nNăm XB	2021\r\nNgôn Ngữ	Tiếng Việt\r\nTrọng lượng (gr)	300\r\nKích Thước Bao Bì	12 x 10 cm\r\nSố trang	280\r\nHình thức	Bìa Mềm\r\nSản phẩm hiển thị trong	\r\nĐồ Chơi Cho Bé - Giá Cực Tốt\r\nFlashsale\r\nMã Giảm Giá\r\nPNJ\r\nVNPAY\r\nSản phẩm bán chạy nhất	Top 100 sản phẩm Truyện ngắn - Tản Văn bán chạy của tháng\r\nTỪ ĐIỂN TIẾNG “EM” – Định nghĩa về thế giới mới!\r\n\r\nBạn sẽ bất ngờ, khi cầm cuốn “từ điển” xinh xinh này trên tay.\r\n\r\nVà sẽ còn ngạc nhiên hơn nữa, khi bắt đầu đọc từng trang sách…\r\n\r\nDĩ nhiên là vì “Từ điển tiếng “Em” không phải là một cuốn từ điển thông thường rồi!\r\n\r\nNói đến “từ điển”, xưa nay chúng ta đều nghĩ về một bộ sách đồ sộ, giải thích ý nghĩa, cách dùng, dịch, cách phát âm, và thường kèm theo các ví dụ về cách sử dụng từ đó.\r\n\r\nTuy nhiên, với cuốn sách “Từ điển tiếng “em”, các bạn sẽ hết sức bất ngờ với những định nghĩa mới, bắt trend, sáng tạo, thông minh và vô cùng hài hước.', '69000', 0, 32, '4pvsxrfh1w.jpg', '2022-07-06 00:01:02', 'admin', NULL, NULL, 'active', 10, 1);
INSERT INTO `book` (`id`, `name`, `description`, `price`, `special`, `sale_off`, `picture`, `created`, `created_by`, `modified`, `modified_by`, `status`, `ordering`, `category_id`) VALUES
(74, 'Chào Mừng Đến Lớp Học Đề Cao Thực Lực - Tập 2 - Bản Đặc Biệt - Tặng Kèm Camera Card', 'Trường Trung học Phổ thông Đào tạo Nâng cao là ngôi trường danh giá hàng đầu Nhật Bản, với gần 100% học sinh đỗ vào trường đại học mong muốn và tìm được việc làm. Học sinh được sử dụng cơ sở vật chất hiện đại bậc nhất, mỗi tháng được cấp một số điểm có giá trị tương đương 100.000 yên, tự do tạo kiểu tóc và mang vật dụng cá nhân. Thật giống như sống trên thiên đường.\r\n\r\nThực chất, đây là ngôi trường theo chủ nghĩa đề cao thực lực, nơi chỉ học sinh ưu tú mới được đãi ngộ tốt. Vì lý do riêng, nhân vật chính Ayanokoji Kiyotaka làm bài thi đầu vào qua loa, rồi bị xếp vào lớp D hạng bét - thường bị giễu cợt là cái “ổ” tập trung “hàng lỗi”. Tại đây, cậu gặp Horikita Suzune - một nữ sinh xinh đẹp học giỏi nhưng tính cách đầy vấn đề, và Kushida Kikyo - một cô bạn dịu dàng tốt bụng tựa thiên thần. Nhờ đó, tình hình quanh Kiyotaka dần biến chuyển...\r\n\r\nBộ đôi tác giả - họa sĩ minh họa trứ danh hứa hẹn sẽ đem tới cho độc giả tập sách “Khải Huyền” mới của thể loại học đường!\r\n\r\nMã hàng	cmdlhdctl02db\r\nDự Kiến Có Hàng	16/07/2022\r\nTên Nhà Cung Cấp	IPM\r\nTác giả	Kinugasa Syougo, Tomoseshunsaku\r\nNgười Dịch	Hoàng Ngọc\r\nNXB	NXB Hà Nội\r\nNăm XB	2022\r\nNgôn Ngữ	Tiếng Việt\r\nTrọng lượng (gr)	400\r\nKích Thước Bao Bì	18 x 13 cm\r\nSố trang	360\r\nHình thức	Bìa Mềm\r\nSản phẩm hiển thị trong	\r\nIPM\r\nMUA SẮM AN TOÀN NGÀN DEAL GIẢM SỐC - Giảm Khủng Đến 60%\r\nSản phẩm bán chạy nhất	Top 100 sản phẩm Light Novel bán chạy của tháng\r\nChào Mừng Đến Lớp Học Đề Cao Thực Lực - Tập 2\r\n\r\nTrường Trung học Phổ thông Đào tạo Nâng cao là ngôi trường danh giá hàng đầu Nhật Bản, với gần 100% học sinh đỗ vào trường đại học mong muốn và tìm được việc làm. Học sinh được sử dụng cơ sở vật chất hiện đại bậc nhất, mỗi tháng được cấp một số điểm có giá trị tương đương 100.000 yên, tự do tạo kiểu tóc và mang vật dụng cá nhân. Thật giống như sống trên thiên đường.\r\n\r\nThực chất, đây là ngôi trường theo chủ nghĩa đề cao thực lực, nơi chỉ học sinh ưu tú mới được đãi ngộ tốt. Vì lý do riêng, nhân vật chính Ayanokoji Kiyotaka làm bài thi đầu vào qua loa, rồi bị xếp vào lớp D hạng bét - thường bị giễu cợt là cái “ổ” tập trung “hàng lỗi”. Tại đây, cậu gặp Horikita Suzune - một nữ sinh xinh đẹp học giỏi nhưng tính cách đầy vấn đề, và Kushida Kikyo - một cô bạn dịu dàng tốt bụng tựa thiên thần. Nhờ đó, tình hình quanh Kiyotaka dần biến chuyển...\r\n\r\nBộ đôi tác giả - họa sĩ minh họa trứ danh hứa hẹn sẽ đem tới cho độc giả tập sách “Khải Huyền” mới của thể loại học đường!', '120000', 0, 0, 'few9uovxz5.jpg', '2022-07-06 00:02:36', 'admin', NULL, NULL, 'active', 10, 1),
(75, 'Kẻ Dị Biệt Tại Trường Học Phép Thuật - Tập 7', 'Kẻ dị biệt tại trường học phép thuật - Tên gốc: Mahouka Koukou no Rettousei 魔法科高校の劣等生) của tác giả Sato Tsutomu.\r\n\r\nKẻ dị biệt tại trường học phép thuật là một trong những series light novel ăn khách nhất tại thị trường Nhật Bản, với 31 tập truyện đã được xuất bản và tổng cộng hơn 10 triệu cuốn sách đã được bán ra. Đây cũng là bộ truyện thường xuyên lọt vào top đầu những bộ light novel bán chạy nhất Nhật Bản, theo số liệu từ bảng xếp hạng doanh số do Oricon công bố. Bên cạnh đó, Mahouka cũng đã được chuyển thể thành truyện tranh và phim hoạt hình, thu được những phản hồi hết sức tích cực của độc giả trên toàn thế giới. Hiện tại, mùa thứ hai của Anime cũng đã được công bố và sẽ chính thức lên sóng vào tháng 10 năm 2020. Ngoài ra, series đình đám này còn được chuyển thể thành game trên console và mobile, đồng thời các nhân vật chính trong Mahouka cũng góp mặt trong nhiều tựa game nổi tiếng khác.', '130000', 0, 0, '1t6yaolu9s.jpg', '2022-07-06 00:04:42', 'admin', NULL, NULL, 'active', 10, 1),
(76, 'Cà Phê Cùng Tony', 'Cà Phê Cùng Tony\r\n\r\nCó đôi khi vào những tháng năm bắt đầu vào đời, giữa vô vàn ngả rẽ và lời khuyên, khi rất nhiều dự định mà thiếu đôi phần định hướng, thì CẢM HỨNG là điều quan trọng để bạn trẻ bắt đầu bước chân đầu tiên trên con đường theo đuổi giấc mơ của mình. Cà Phê Cùng Tony là tập hợp những bài viết của tác giả Tony Buổi Sáng. Đúng như tên gọi, mỗi bài nhẹ nhàng như một tách cà phê, mà bạn trẻ có thể nhận ra một chút gì của chính mình hay bạn bè mình trong đó: Từ chuyện lớn như định vị bản thân giữa bạn bè quốc tế, cho đến chuyện nhỏ như nên chú ý những phép tắc xã giao thông thường.\r\n\r\nChúng tôi tin rằng những người trẻ tuổi luôn mang trong mình khát khao vươn lên và tấm lòng hướng thiện, và có nhiều cách để động viên họ biến điều đó thành hành động. Nếu như tập sách nhỏ này có thể khơi gợi trong lòng bạn đọc trẻ một cảm hứng tốt đẹp, như tách cà phê thơm vào đầu ngày nắng mới, thì đó là niềm vui lớn của tác giả Tony Buổi Sáng.\r\n\r\nTony Buổi Sáng cũng là tác giả của Trên đường băng, tác phẩm hiện đã bán hơn 200.000 bản.\r\n\r\n***\r\n\r\nTrích đoạn:\r\n\r\n... Thật ra Tony hiểu vì sao các bác giáo sư tiến sĩ soạn sách đã phải đưa vào nhiều nội dung như vậy. Rất là tâm huyết và đáng trân trọng. Vì ngày xưa, kiến thức rất khó tìm. Nhiều điều hữu ích chỉ nằm trong sách, trong thư viện các thành phố lớn, các trường các viện đại học lớn và người ta phải nhớ mọi thứ, nên phải cộng điểm cho học sinh nông thôn vì ít cơ hội tiếp cận kiến thức. Nhưng, bây giờ kiến thức nằm hết trên mạng, trong file máy tính, truy cập là ra ngay, nên các nước đã phải thay đổi chương trình học phổ thông sau khi máy tính và internet ra đời. Học sinh chỉ cần nhớ những gì cốt lõi, và PHƯƠNG PHÁP tìm kiếm tài liệu. Vì chữ nghĩa rồi cũng sẽ rụng rơi theo thời gian, kiến thức mới lại bổ sung liên tục, nên phương pháp tìm kiếm thông tin tốt sẽ giúp ích cho các bạn trong cuộc sống sau này. Làm ngành nghề gì cũng phải cập nhật cái mới...\r\n\r\nMã hàng	8934974151579\r\nTên Nhà Cung Cấp	NXB Trẻ\r\nTác giả	Tony Buổi Sáng\r\nNXB	NXB Trẻ\r\nNăm XB	2017\r\nTrọng lượng (gr)	240\r\nKích Thước Bao Bì	13 x 20\r\nSố trang	268\r\nHình thức	Bìa Mềm\r\nSản phẩm hiển thị trong	\r\nNXB Trẻ\r\nPNJ\r\nVNPAY\r\nSản phẩm bán chạy nhất	Top 100 sản phẩm Truyện ngắn - Tản Văn bán chạy của tháng\r\nCà Phê Cùng Tony\r\n\r\nCó đôi khi vào những tháng năm bắt đầu vào đời, giữa vô vàn ngả rẽ và lời khuyên, khi rất nhiều dự định mà thiếu đôi phần định hướng, thì CẢM HỨNG là điều quan trọng để bạn trẻ bắt đầu bước chân đầu tiên trên con đường theo đuổi giấc mơ của mình. Cà Phê Cùng Tony là tập hợp những bài viết của tác giả Tony Buổi Sáng. Đúng như tên gọi, mỗi bài nhẹ nhàng như một tách cà phê, mà bạn trẻ có thể nhận ra một chút gì của chính mình hay bạn bè mình trong đó: Từ chuyện lớn như định vị bản thân giữa bạn bè quốc tế, cho đến chuyện nhỏ như nên chú ý những phép tắc xã giao thông thường.\r\n\r\nChúng tôi tin rằng những người trẻ tuổi luôn mang trong mình khát khao vươn lên và tấm lòng hướng thiện, và có nhiều cách để động viên họ biến điều đó thành hành động. Nếu như tập sách nhỏ này có thể khơi gợi trong lòng bạn đọc trẻ một cảm hứng tốt đẹp, như tách cà phê thơm vào đầu ngày nắng mới, thì đó là niềm vui lớn của tác giả Tony Buổi Sáng.\r\n\r\nTony Buổi Sáng cũng là tác giả của Trên đường băng, tác phẩm hiện đã bán hơn 200.000 bản.', '90000', 0, 20, 'tmubsf29rg.jpg', '2022-07-06 00:06:00', 'admin', '2022-07-06 00:20:15', 'admin', 'active', 10, 1),
(77, 'Ngày Trong Sương Mù', 'Ngày Trong Sương Mù\r\nNgày trong sương mù là một trong bộ ba cuốn tập hợp những bài viết hay nhất được tuyển chọn trong gần 500 bài được viết suốt 8 năm của chuyên mục \"Trò chuyện đầu tuần\" trên báo Hoa Học Trò của tác giả Hà Nhân. Anh chính là nhà báo Lê Thanh Hà, phó Tổng biên tập báo Hoa Học Trò, Sinh viên Việt Nam.\r\n\r\nBộ sách gồm 3 tập:\r\n\r\nTập 1: Ngày trong sương mù\r\n\r\nTập 2: Bay xuyên những tầng mây\r\n\r\nTập 3: Sống như cây rừng', '62000', 0, 0, '7lf9tdw2hj.jpg', '2022-07-06 00:08:05', 'admin', NULL, NULL, 'active', 10, 1),
(78, 'Tuổi Trẻ Đáng Giá Bao Nhiêu', '“Bạn hối tiếc vì không nắm bắt lấy một cơ hội nào đó, chẳng có ai phải mất ngủ.\r\n\r\nBạn trải qua những ngày tháng nhạt nhẽo với công việc bạn căm ghét, người ta chẳng hề bận lòng.\r\n\r\nBạn có chết mòn nơi xó tường với những ước mơ dang dở, đó không phải là việc của họ.\r\n\r\nSuy cho cùng, quyết định là ở bạn. Muốn có điều gì hay không là tùy bạn.\r\n\r\nNên hãy làm những điều bạn thích. Hãy đi theo tiếng nói trái tim. Hãy sống theo cách bạn cho là mình nên sống.\r\n\r\nVì sau tất cả, chẳng ai quan tâm.”\r\n\r\n“Tôi đã đọc quyển sách này một cách thích thú. Có nhiều kiến thức và kinh nghiệm hữu ích, những điều mới mẻ ngay cả với người gần trung niên như tôi.\r\n\r\nTuổi trẻ đáng giá bao nhiêu? được tác giả chia làm 3 phần: HỌC, LÀM, ĐI.\r\n\r\nNhưng tôi thấy cuốn sách còn thể hiện một phần thứ tư nữa, đó là ĐỌC.\r\n\r\nHãy đọc sách, nếu bạn đọc sách một cách bền bỉ, sẽ đến lúc bạn bị thôi thúc không ngừng bởi ý muốn viết nên cuốn sách của riêng mình.\r\n\r\nNếu tôi còn ở tuổi đôi mươi, hẳn là tôi sẽ đọc Tuổi trẻ đáng giá bao nhiêu? nhiều hơn một lần.”\r\n\r\n- Đặng Nguyễn Đông Vy, tác giả, nhà báo', '90000', 0, 16, 'fonqh5yp9u.jpg', '2022-07-06 00:09:32', 'admin', '2022-07-06 00:20:06', 'admin', 'active', 10, 1),
(79, 'Cứ Cười Thôi Mặc Kệ Đời!', 'Có thể bạn không là ai cả, nhưng không có nghĩa bạn chẳng là gì cả.\r\n\r\nTình yêu giống như một liều thuốc ngọt ngào nó có thể giúp chúng ta sống trong màu hồng đầy gia vị hạnh phúc, và cảm xúc ấm áp nhưng tình yêu cũng chính là liều thuốc độc khiến chúng ta vật vã, đớn đau. Nhưng ai cũng muốn được một lần yêu, để đắm chìm trong giây phút lúc đầy thăng hoa lúc đầy nước mắt đó. \r\n\r\nCó thể mọi cuộc tình đều có kết thúc có hậu cũng có thể dở dang, và khi tình yêu dở dang thì người ở lại bao giờ cũng là người buồn lâu hơn cả. Chúng ta rồi ai cũng phải vượt qua nỗi buồn đó để trưởng thành hơn, yêu bản thân nhiều hơn. Tác giả Gari qua Cứ cười thôi, mặc kệ đời ! dường như đang muốn nhắn nhủ những ai đã thất bại trong tình yêu rằng: Có thể bạn không là ai cả, nhưng không có nghĩa bạn chẳng là gì cả. Hãy cứ cười lên và yêu lấy chính mình, mặc kệ ngoài kia dông bão', '99000', 1, 15, 'ud9c4vb3q2.jpg', '2022-07-06 00:13:14', 'admin', '2022-07-06 00:19:59', 'admin', 'active', 10, 1),
(80, 'Hài Hước Một Chút Thế Giới Sẽ Khác Đi 2021', 'Trong xã hội hiện đại, giao tiếp là chìa khóa giải quyết mọi vấn đề. Vậy làm thế nào để giao tiếp hiệu quả? Đó là biết vận dụng một cách tinh tế sự hài hước vào lời nói và tư duy, hài hước có thể giúp giúp chúng ta thiết lập được mạng lưới quan hệ rộng rãi. Tuy nhiên, hài hước không phải là một năng lực bẩm sinh, muốn có được “nghệ thuật giúp bạn thành công” này, bạn phải trải qua quá tình bồi dưỡng và rèn luyện bản thân.\r\n\r\nHài hước một chút, thế giới sẽ khác đi - cuốn sách với nội dung phong phú mà sâu sắc này sẽ giúp các bạn có được cái nhìn rõ nét hơn về tính hài hước dưới các góc độ, phương diện đánh giá khác nhau, cũng như có thêm kĩ năng vận dụng sự hài hước vào cuộc sống hàng ngày.', '80000', 0, 18, 'jfwe0x416c.jpg', '2022-07-06 00:16:43', 'admin', '2022-07-06 00:19:49', 'admin', 'active', 10, 6),
(81, 'Đời Ngắn Đừng Ngủ Dài', '“Mọi lựa chọn đều giá trị. Mọi bước đi đều quan trọng. Cuộc sống vẫn diễn ra theo cách của nó, không phải theo cách của ta. Hãy kiên nhẫn. Tin tưởng. Hãy giống như người thợ cắt đá, đều đặn từng nhịp, ngày qua ngày. Cuối cùng, một nhát cắt duy nhất sẽ phá vỡ tảng đá và lộ ra viên kim cương. Người tràn đầy nhiệt huyết và tận tâm với việc mình làm không bao giờ bị chối bỏ. Sự thật là thế.”\r\n\r\nBằng những lời chia sẻ thật ngắn gọn, dễ hiểu về những trải nghiệm và suy ngẫm trong đời, Robin Sharma tiếp tục phong cách viết của ông từ cuốn sách Điều vĩ đại đời thường để mang đến cho độc giả những bài viết như lời tâm sự, vừa chân thành vừa sâu sắc', '75000', 0, 30, 'hx7iwpcusy.jpg', '2022-07-06 00:18:03', 'admin', '2022-07-06 00:18:45', 'admin', 'active', 10, 6),
(82, 'Nhà Lãnh Đạo Không Chức Danh', 'Suốt hơn 15 năm, Robin Sharma đã thầm lặng chia sẻ với những công ty trong danh sách Fortune 500 và nhiều người siêu giàu khác một công thức thành công đã giúp ông trở thành một trong những nhà cố vấn lãnh đạo được theo đuổi nhiều nhất thế giới. Đây là lần đầu tiên Sharma công bố công thức độc quyền này với bạn, để bạn có thể đạt được những gì tốt nhất, đồng thời giúp tổ chức của bạn có thể có những bước đột phá đến một cấp độ thành công mới trong thời đại thiên biến vạn hóa như hiện nay.\r\n\r\nTrong cuốn sách Nhà Lãnh Đạo Không Chức Danh, bạn sẽ học được:\r\n\r\nLàm thế nào để làm việc và tạo ảnh hưởng với mọi người như một siêu sao, bất chấp bạn đang ở vị trí nào', '105000', 0, 13, '8q1tn43p6f.jpg', '2022-07-06 00:19:36', 'admin', NULL, NULL, 'active', 10, 6),
(83, 'Hiểu Về Trái Tim', '“Hiểu về trái tim” là một cuốn sách đặc biệt được viết bởi thiền sư Minh Niệm. Với phong thái và lối hành văn gần gũi với những sinh hoạt của người Việt, thầy Minh Niệm đã thật sự thổi hồn Việt vào cuốn sách nhỏ này.\r\n\r\nXuất bản lần đầu tiên vào năm 2011, Hiểu Về Trái Tim trình làng cũng lúc với kỷ lục: cuốn sách có số lượng in lần đầu lớn nhất: 100.000 bản. Trung tâm sách kỷ lục Việt Nam công nhận kỳ tích ấy nhưng đến nay, con số phát hành của Hiểu về trái tim vẫn chưa có dấu hiệu chậm lại.', '138000', 0, 0, 'opn3eqhudc.jpg', '2022-07-06 00:22:30', 'admin', NULL, NULL, 'active', 10, 6),
(84, 'Ta Vui Đời Sẽ Vui', 'Cuộc sống ngày càng trở nên bận rộn và hối hả. Chúng ta luôn chạy đua với thời gian, công việc, những suy nghĩ và cả những con đường mà đôi khi ta đánh mất đi chính mình, quên đi việc nuôi dưỡng trái tim và tinh thần. Tôi tin rằng đã có lúc bạn từng cảm thấy băn khoăn và tự hỏi niềm vui trong công việc và cuộc sống của mình là gì? Ý nghĩa thật sự của cuộc đời mình là gì đây?\r\n\r\nLà một tập hợp những câu chuyện kể đầy lôi cuốn, thiện lành và truyền cảm hứng, với những cảm thức thâm trầm về hạnh phúc, với sự khám phá về bản ngã đích thực, “Ta vui đời sẽ vui” sẽ mang lại niềm phấn khích lớn lao cho bất cứ ai mong muốn sống cuộc sống ý nghĩa, đầy niềm vui trên hành trình tìm về với chính mình.\r\n\r\nMong rằng với “Ta vui đời sẽ vui”, mầm yêu thương, thiện lành và niềm hy vọng sẽ tràn ngập trong trái tim mỗi bạn đọc. Và hãy để nguồn năng lượng đó trở thành người bạn đồng hành của bạn trên hành trình tìm về với chính mình, để có được niềm vui, niềm hạnh phúc và bình an trong từng phút giây của cuộc đời.', '69000', 0, 1, '5cxo2n4wur.jpg', '2022-07-06 00:23:35', 'admin', NULL, NULL, 'active', 10, 6),
(85, '30 Chủ Đề Từ Vựng Tiếng Anh (Tập 1)', 'Ngữ pháp và từ vựng là hai mảng không thể thiếu trong quá trình học ngoại ngữ nói chung và học tiếng Anh nói riêng. Hai phạm trù này sẽ góp phần giúp chúng ta đạt được sự thành thạo về ngôn ngữ. Nếu như ngữ pháp có các quy tắc, có cấu trúc để tuân theo thì từ vựng lại không có bất cứ quy tắc nào. Do đó, đa số người học đều thấy rất khó để học và nhớ được từ vựng. Đó là còn chưa kể tới có rất nhiều từ có nghĩa giống nhau nhưng lại được sử dụng trong các ngữ cảnh khác nhau và một từ thì lại có rất nhiều nghĩa.\r\n\r\nVới mong muốn giúp người học có phương pháp học từ vựng hiệu quả, bộ sách 30 CHỦ ĐỀ TỪ VỰNG TIẾNG ANH được biên soạn thành 2 tập, mỗi tập gồm 15 chủ đề từ vựng bao quát tất cả những chủ đề từ vựng trọng tâm thuộc mọi lĩnh vực của đời sống. Ở mỗi bài, bên cạnh phần hệ thống từ vựng – cấu trúc theo chủ đề bài học, còn có một số lượng bài tập thực hành lớn với các dạng bài như phát âm, trọng âm, chọn đáp án đúng, đồng nghĩa-trái nghĩa, đọc hiểu, đọc điền.', '190000', 0, 20, 'xwm9gznr8v.jpg', '2022-07-06 00:25:47', 'admin', NULL, NULL, 'active', 10, 7),
(86, 'Giải Thích Ngữ Pháp Tiếng Anh 2022', 'Ngữ pháp Tiếng Anh tổng hợp các chủ điểm ngữ pháp trọng yếu mà học sinh cần nắm vững. Các chủ điểm ngữ pháp được trình bày rõ ràng, chi tiết. Sau mỗi chủ điểm ngữ pháp là phần bài tập & đáp án nhằm giúp các em củng cố kiến thức đã học, đồng thời tự kiểm tra kết quả.\r\n\r\nSách Giải Thích Ngữ Pháp Tiếng Anh, tác Mai Lan Hương – Hà Thanh Uyên, là cuốn sách ngữ pháp đã được phát hành và tái bản rất nhiều lần trong những năm qua.\r\n\r\nGiải Thích Ngữ Pháp Tiếng Anh được biên soạn thành 9 chương, đề cập đến những vấn đề ngữ pháp từ cơ bản đến nâng cao, phù hợp với mọi trình độ. Các chủ điểm ngữ pháp trong từng chương được biên soạn chi tiết, giải thích cặn kẽ các cách dùng và quy luật mà người học cần nắm vững. Sau mỗi chủ điểm ngữ pháp là phần bài tập đa dạng nhằm giúp người học củng cố lý thuyết.\r\n\r\nHy vọng Giải Thích Ngữ Pháp Tiếng Anh sẽ là một quyển sách thiết thực, đáp ứng yêu cầu học, ôn tập và nâng cao trình độ ngữ pháp cho người học và là quyển sách tham khảo bổ ích dành cho giáo viên.\r\n\r\nMã hàng	8794069303524\r\nTên Nhà Cung Cấp	ZenBooks\r\nTác giả	Mai Lan Hương, Hà Thanh Uyên\r\nNXB	NXB Đà Nẵng\r\nNăm XB	2022\r\nNgôn Ngữ	Tiếng Việt\r\nTrọng lượng (gr)	300\r\nKích Thước Bao Bì	24 x 17 cm\r\nSố trang	560\r\nHình thức	Bìa Mềm\r\nSản phẩm hiển thị trong	\r\nĐồ Chơi Cho Bé - Giá Cực Tốt\r\nFlashsale\r\nMã Giảm Giá\r\nZenBooks\r\nSản phẩm bán chạy nhất	Top 100 sản phẩm Ngữ Pháp bán chạy của tháng\r\nNgữ pháp Tiếng Anh tổng hợp các chủ điểm ngữ pháp trọng yếu mà học sinh cần nắm vững. Các chủ điểm ngữ pháp được trình bày rõ ràng, chi tiết. Sau mỗi chủ điểm ngữ pháp là phần bài tập & đáp án nhằm giúp các em củng cố kiến thức đã học, đồng thời tự kiểm tra kết quả.\r\n\r\nSách Giải Thích Ngữ Pháp Tiếng Anh, tác Mai Lan Hương – Hà Thanh Uyên, là cuốn sách ngữ pháp đã được phát hành và tái bản rất nhiều lần trong những năm qua.\r\n\r\nGiải Thích Ngữ Pháp Tiếng Anh được biên soạn thành 9 chương, đề cập đến những vấn đề ngữ pháp từ cơ bản đến nâng cao, phù hợp với mọi trình độ. Các chủ điểm ngữ pháp trong từng chương được biên soạn chi tiết, giải thích cặn kẽ các cách dùng và quy luật mà người học cần nắm vững. Sau mỗi chủ điểm ngữ pháp là phần bài tập đa dạng nhằm giúp người học củng cố lý thuyết.\r\n\r\nHy vọng Giải Thích Ngữ Pháp Tiếng Anh sẽ là một quyển sách thiết thực, đáp ứng yêu cầu học, ôn tập và nâng cao trình độ ngữ pháp cho người học và là quyển sách tham khảo bổ ích dành cho giáo viên.', '220000', 0, 40, '52vs80lim9.jpg', '2022-07-06 00:27:32', 'admin', NULL, NULL, 'active', 10, 7),
(87, '25 Chuyên Đề Ngữ Pháp Tiếng Anh Trọng Tâm', 'Các chuyên đề ngữ pháp trọng tâm được trình bày đơn giản, dễ hiểu cùng với hệ thống bài tập và từ vựng phong phú. Có tất cả 25 chuyên đề trong 2 tập sách, là tài liệu hữu ích cho học sinh, sinh viên, người đi làm, luyện thi cho các kỳ thi quốc gia, ôn luyện các chứng chỉ quốc tế và là tài liệu tham khảo cho giáo viên.', '110000', 0, 20, '1vx4smde0f.jpg', '2022-07-06 00:28:50', 'admin', NULL, NULL, 'active', 10, 7),
(88, 'Cẩm Nang Cấu Trúc Tiếng Anh', 'Cuốn sách CẨM NANG CẤU TRÚC TIẾNG ANH gồm 25 phần, mỗi phần là một phạm trù kiến thức trong tiếng Anh được trình bày một cách ngắn gọn, đơn giản, cô đọng và hệ thống hoá dưới dạng sơ đồ, bảng biểu nhằm phát triển khả năng tư duy của người học và từ đó giúp người học nhớ kiến thức nhanh hơn và sâu hơn.\r\n\r\nSau hầu hết các phần lí thuyết đều có 20-30 câu bài tập áp dụng để kiểm tra cũng như khắc sâu kiến thức cho người học.\r\n\r\nTuy dày chưa đến 250 trang nhưng cuốn sách lại có thể bao trọn toàn bộ kiến thức từ đơn giản đến phức tạp cộng với cách tận dụng tối đa và áp dụng triệt để cách học tiếng Anh bằng sơ đồ tư duy.', '98000', 0, 10, '1wvku7fxja.jpg', '2022-07-06 00:30:04', 'admin', NULL, NULL, 'active', 10, 7),
(89, 'Hackers Ielts: Writing', 'Bộ sách luyện thi IELTS đầu tiên có kèm giải thích đáp án chi tiết và hướng dẫn cách tự nâng band điểm.\r\n\r\nIELTS là cánh cửa giúp các bạn thí sinh hiện thực hóa ước mơ vươn ra thế giới. Chính vì vậy, ngay từ bây giờ, hãy nỗ lực luyện tập và chuẩn bị cho bài thi quan trọng này. Viện Ngôn ngữ Hackers đã biên soạn bộ sách HACKERS IELTS gồm 4 cuốn tương đương với 4 kỹ năng nhằm giới thiệu tới các bạn phương pháp luyện thi phù hợp nhất để có thể đạt điểm cao trong bài thi này.\r\n\r\nLuyện từng dạng bài một cách có hệ thống!', '239000', 0, 20, '12swj74em5.jpg', '2022-07-06 00:31:28', 'admin', NULL, NULL, 'active', 10, 7),
(90, 'How To Crack The Ielts Speaking Test - Part 1', 'Cựu Thủ tướng Lý Quang Diệu đã viết trong hồi kí của ông về hành trình đưa Singapore từ một làng chài nghèo khổ thành một trong những quốc gia có nền kinh tế vững mạnh nhất châu Á, trong đó ông nhấn mạnh tầm quan trọng của tiếng Anh trong việc tiếp cận và giao thương với các nước phát triển trên thế giới. IELTS – chứng chỉ tiếng Anh uy tín nhất thế giới hiện nay – là cánh cửa mở ra vô vàn cơ hội học tập và tạo điều kiện cho sự thăng tiến trong sự nghiệp. Nhằm mục đích cung cấp cho người học những phương pháp học hữu ích và thực tiễn áp dụng hiệu quả trong kỳ thi IELTS Speaking, tác giả Đặng Trần Tùng – thí sinh đầu tiên tại Việt Nam đạt điểm tuyệt đối 9.0 IELTS dưới cả hai hình thức: thi giấy và thi máy – đã tập hợp những kinh nghiệm thi cử hữu ích đúc rút từ chính những lần dự thi của bản thân để cho ra đời cuốn sách How to crack the IELTS Speaking test – Part 1.\r\n\r\nCuốn sách tập trung vào 20 chủ đề thường gặp trong IELTS Speaking, với những tips hữu ích nhằm giúp các thí sinh có thể đạt được các band điểm mong muốn, phổ biến với các mức 6.0, 7.0 và 8.0. Các câu trả lời mẫu trong sách cũng xoay quanh cuộc sống thường ngày, tạo cảm giác quen thuộc, gần gũi với người đọc, mở ra hướng tư duy gắn liền với thực tiễn cuộc sốn', '299000', 1, 20, '57owu2vsij.jpg', '2022-07-06 00:33:27', 'admin', NULL, NULL, 'active', 10, 7),
(91, 'Các Lỗi Thường Gặp Trong Tiếng Anh', 'Cuốn sách nhằm giúp các bạn nhận biết và khắc phục lỗi mà người học tiếng Anh hay gặp. Nội dung được trình bày đồng nhất, lỗi thường gặp được đề cập - trình bày và sửa lỗi sai bằng câu đúng ở phía dưới. Sau đó là lời giảng giải thích hoặc cách dùng cụ thể trong một số trường hợp cần thiết.', '80000', 0, 0, 'ym07xthgvz.jpg', '2022-07-06 00:37:40', 'admin', NULL, NULL, 'active', 10, 7),
(92, 'Key Words For Ielts Book 2 : Improver', 'These books have been specially created for foreign learners of English who plan to take the IELTS exam to demonstrate that they have the required ability to communicate effectively in English, either at work or at university.\r\n\r\nCollins COBUILD Key Words for IELTS: Book 2 Improver is the second book in the series, and builds on the vocabulary from Book 1: Starter, taking students to the next level in their preparations for the IELTS exam. It contains the more difficult vocabulary that may appear in the exam, and that students may need to master to achieve the scores required by most universities and employers.\r\n\r\nThese vocabulary books are unique in that the vocabulary items are organized alphabetically, in a dictionary style, and words are clearly labelled according to topic.', '158000', 0, 24, '25zmqhakex.jpg', '2022-07-06 00:39:12', 'admin', NULL, NULL, 'active', 10, 7),
(93, 'My Hero Academia - Học Viện Siêu Anh Hùng - Tập 29: Bakugo Katsuki: Trỗi Dậy - Tặng Kèm Bookmark Pro Hero', 'My Hero Academia - Học Viện Siêu Anh Hùng - Tập 29: Bakugo Katsuki: Trỗi Dậy - Tặng Kèm Bookmark Pro Hero', '25000', 0, 0, 'wyksfmp3na.jpg', '2022-07-06 00:42:08', 'admin', NULL, NULL, 'active', 10, 8),
(94, 'Blue Period - Tập 1 - Tặng Kèm Bookmark Giấy 2 Mặt + Card Nhựa PVC', 'Blue Period - Tập 1 - Tặng Kèm Bookmark Giấy 2 Mặt + Card Nhựa PVC', '48000', 0, 0, 'ehxfgklzjr.jpg', '2022-07-06 00:43:45', 'admin', NULL, NULL, 'active', 10, 8),
(95, 'Slam Dunk - Deluxe Edition - Tập 9 - Tặng Kèm Obi + Bìa Áo Limited Ngẫu Nhiên', 'Slam Dunk - Deluxe Edition - Tập 9 - Tặng Kèm Obi + Bìa Áo Limited Ngẫu Nhiên', '60000', 0, 10, 'qwgea23m05.jpg', '2022-07-06 00:44:56', 'admin', NULL, NULL, 'active', 10, 8),
(96, 'Bleach - Tập 70: Friend', 'Bleach - Tập 70: Friend', '25000', 0, 0, '1nlre6him8.jpg', '2022-07-06 00:46:26', 'admin', NULL, NULL, 'active', 10, 8),
(97, 'Chú Thuật Hồi Chiến - Tập 2 - Tặng Kèm Obi Và Thẻ Bo Góc Nhựa', 'Chú Thuật Hồi Chiến - Tập 2 - Tặng Kèm Obi Và Thẻ Bo Góc Nhựa', '30000', 0, 0, 'mk3ibyohln.jpg', '2022-07-06 00:47:41', 'admin', '2022-07-06 00:47:57', 'admin', 'active', 10, 8),
(98, 'Dr.STONE - Tập 19: Thành Phố Ngô 1 Triệu Dân', 'Các thành viên của Vương quốc khoa học phân tán ra để tiếp tục triển khai kế hoạch chế tác liều chết hòng bắt giữ Dr. Xeno!! Mặt khác, ở phe địch cũng đang phát triển một “vũ khí bí mật” gây sốc!! Trận quyết chiến khoa học vô tiền khoáng hậu sẽ là một trận đấu căng thẳng nhằm tranh giành quyền chi phối bầu trời, mặt đất và mặt nước!!', '30000', 1, 0, '7culqa2m6n.jpg', '2022-07-06 00:49:21', 'admin', '2022-07-06 00:55:13', 'admin', 'active', 10, 8),
(99, 'Thiên Thần Diệt Thế - Seraph Of The End', 'Câu chuyện xảy ra trong bối cảnh giả tưởng vào năm 2012, khi thế giới bị hủy diệt bởi 1 loại virus do con người tạo nên. Chúng thảm sát con người trên toàn thế giới, chỉ duy nhất để lại những đứa trẻ dưới 13 tuổi. Cùng lúc đó, ma cà rồng xuất hiện, kéo theo những kinh hoàng phủ trùm trái đất. Sự xuất hiện của ma cà rồng vừa là sự cứu rỗi, vừa kéo dài thêm ác mộng tăm tối hiện tại. Những người còn sống sót phải chịu khuất phục để được đưa đến nơi tránh xa lũ virus. Đây là một bản hợp đồng, cái giá cho việc “được an toàn” là con người phải hiến máu cho những “kẻ bảo vệ” này.', '21000', 0, 0, 'dy3s4rfghk.jpg', '2022-07-06 00:50:28', 'admin', NULL, NULL, 'active', 10, 8),
(100, 'Chú Thuật Hồi Chiến: Tập 1', 'Itadori Yuji là một học sinh cấp Ba sở hữu năng lực thể chất phi thường. Hằng ngày cậu thường tới bệnh viện chăm người ông đang ốm liệt giường. Nhưng một ngày nọ, phong ấn của “chú vật” vốn ngủ yên trong trường bị phá giải, quái vật xuất hiện. Để cứu hai anh chị khóa trên đang gặp nguy hiểm, Itadori đã xông vào trường và...\r\n\r\nPhần chính truyện của CHÚ THUẬT HỒI CHIẾN - Series bom tấn đã bán ra hơn 30 triệu bản tại Nhật năm 2021, bắt đầu…!!', '30000', 0, 1, '6y7etrzmvn.jpg', '2022-07-06 00:51:11', 'admin', '2022-07-06 00:51:48', 'admin', 'active', 10, 8),
(101, 'My Hero Academia - Học Viện Siêu Anh Hùng - Tập 5: Todoroki Shoto: Khởi Đầu', 'ĐẦUTRẬN CUỐI CÙNG trong VÒNG ĐẤU CHÍNH THỨC!! Trước một đối thủ siêu đáng gờm như Bakugo, Uraraka vẫn giữ tinh thần hăng hái.\r\nCả hai bên đều dốc hết sức mình vào cuộc so tài. Mọi người vừa là bạn , vừa là ĐỐI THỦ ! Mình cũng phải đấu một trận không hổ thẹn để trở thành siêu anh hùng giống như anh hai mới được!', '25000', 1, 0, 'eixfb8gct6.jpg', '2022-07-06 00:53:28', 'admin', '2022-07-06 00:54:27', 'admin', 'active', 10, 8),
(102, 'Bad Blood: Secrets And Lies In A Silicon Valley Startup', 'In 2014, Theranos founder and CEO Elizabeth Holmes was widely seen as the next Steve Jobs: a brilliant Stanford dropout whose startup \"unicorn\" promised to revolutionize the medical industry with its breakthrough device, which performed the whole range of laboratory tests from a single drop of blood. Backed by investors such as Larry Ellison and Tim Draper, Theranos sold shares in a fundraising round that valued the company at more than $9 billion, putting Holmes\'s worth at an estimated $4.5 billion. There was just one problem: The technology didn\'t work. Erroneous results put patients in danger, leading to misdiagnoses and unnecessary treatments. All the while, Holmes and her partner, Sunny Balwani, worked to silence anyone who voiced misgivings--from journalists to their own employees.\r\n\r\nRigorously reported and fearlessly written, Bad Blood is a gripping story of the biggest corporate fraud since Enron--a tale of ambition and hubris set amid the bold promises of Silicon Valley.', '138000', 0, 25, '6kst9ge3a8.jpg', '2022-07-06 01:00:06', 'admin', NULL, NULL, 'active', 10, 10),
(103, 'Hooked', 'In Hooked, Nir Eyal reveals how successful companies create products people can\'t put down - and how you can too\r\n\r\n\'A must-read for everyone who cares about driving customer engagement\' Eric Ries, author of The Lean Startup\r\n\r\n\'The most high bandwidth, high octane, and valuable presentation I have ever seen on this subject\' Rory Sutherland, vice chairman, Ogilvy & Mather\r\n\r\nWinner of best Marketing book in 800-CEO-READ Business Book Awards 2014\r\n\r\n\'The book everyone in Silicon Valley is talking about\' Boris Veldhuijzen van Zanten, founder of The Next Web\r\n\r\nWhy do some products capture our attention while others flop? What makes us engage with certain things out of sheer habit? Is there an underlying pattern to how technologies hook us?', '349000', 0, 30, '23ra0mdeqi.jpg', '2022-07-06 01:01:02', 'admin', NULL, NULL, 'active', 10, 10),
(104, 'Work Rules! Insights from Inside Google That Will Transform How You Live and Lead', 'Work Rules! Insights from Inside Google That Will Transform How You Live and Lead ', '332000', 0, 0, 'e3utf9ynlh.jpg', '2022-07-06 01:02:27', 'admin', NULL, NULL, 'active', 10, 10),
(105, 'Think Again: The Power Of Knowing What You Don\'t Know', 'Think Again: The Power Of Knowing What You Don\'t Know\r\n\r\nInstant #1 New York Times Bestseller\r\n\r\nDiscover how rethinking can lead to excellence at work and wisdom in life\r\n\r\nIntelligence is usually seen as the ability to think and learn, but in a rapidly changing world it might matter more that we can rethink and unlearn.\r\n\r\nOrganizational psychologist Adam Grant is an expert on opening other people\'s minds-and our own. As Wharton\'s top-rated professor and the bestselling author of Originals and Give and Take, he tries to argue like he\'s right but listen like he\'s wrong.\r\n\r\nThink Again invites us to let go of views that are no longer serving us well and prize mental flexibility, humility, and curiosity over foolish consistency. If knowledge is power, knowing what we don\'t know is wisdom.\r\n\r\nMã hàng	9780753553893\r\nTên Nhà Cung Cấp	Penguin Books\r\nTác giả	Adam Grant\r\nNXB	WH Allen\r\nNăm XB	2021\r\nNgôn Ngữ	Tiếng Anh\r\nTrọng lượng (gr)	392\r\nKích Thước Bao Bì	23.3 x 15.3 x 2.4 cm\r\nSố trang	320\r\nHình thức	Bìa Mềm\r\nSản phẩm hiển thị trong	\r\nForeign Book - Collection - New\r\nPenguin Books\r\nPenguin UK\r\nPenguin UK - Business Books\r\nSản phẩm bán chạy nhất	Top 100 sản phẩm Business Innovation bán chạy của tháng\r\nThink Again: The Power Of Knowing What You Don\'t Know\r\n\r\nInstant #1 New York Times Bestseller\r\n\r\nDiscover how rethinking can lead to excellence at work and wisdom in life\r\n\r\nIntelligence is usually seen as the ability to think and learn, but in a rapidly changing world it might matter more that we can rethink and unlearn.\r\n\r\nOrganizational psychologist Adam Grant is an expert on opening other people\'s minds-and our own. As Wharton\'s top-rated professor and the bestselling author of Originals and Give and Take, he tries to argue like he\'s right but listen like he\'s wrong.\r\n\r\nThink Again invites us to let go of views that are no longer serving us well and prize mental flexibility, humility, and curiosity over foolish consistency. If knowledge is power, knowing what we don\'t know is wisdom.', '314000', 0, 0, '1t3xvo7b4g.jpg', '2022-07-06 01:03:36', 'admin', NULL, NULL, 'active', 10, 10),
(106, 'Snakes In Suits: When Psychopaths Go To Work', 'Revised and updated with the latest scientific research and updated case studies, the business classic that offers a revealing look at psychopaths in the workplace—how to spot their destructive behavior and stop them from creating chaos in the modern corporate organization.', '252000', 0, 45, '2mndo9cqfp.jpg', '2022-07-06 01:05:10', 'admin', NULL, NULL, 'active', 10, 10),
(107, 'Elon Musk: How the Billionaire CEO of SpaceX and Tesla is Shaping our Future', 'South African born Elon Musk is the renowned entrepreneur and innovator behind PayPal, SpaceX, Tesla, and SolarCity. Musk wants to save our planet; he wants to send citizens into space, to form a colony on Mars; he wants to make money while doing these things; and he wants us all to know about it. He is the real-life inspiration for the Iron Man series of films starring Robert Downey Junior.\r\n', '123000', 0, 12, '5l0gs26eb1.jpg', '2022-07-06 01:06:40', 'admin', NULL, NULL, 'active', 10, 10),
(108, 'Overcoming the Unseen Forces That Stand in the Way of True Inspiration', 'As a young man, Ed Catmull had a dream: to make the world\'s first computer-animated movie. He nurtured that dream first as a Ph.D. student at the University of Utah, where many computer science pioneers got their start, and then forged an early partnership with George Lucas that led, indirectly, to his founding Pixar with Steve Jobs and John Lasseter in 1986. Nine years later and against all odds, Toy Story was released, changing animation forever.\r\n\r\nSince then, Pixar has dominated the world of animation, producing such beloved films as Monsters, Inc., Finding Nemo, The Incredibles, Up, and WALL-E, which have gone on to set box-office records and garner twenty-seven Academy Awards. The joyousness of the storytelling, the inventive plots, the emotional authenticity: In some ways, Pixar movies are an object lesson in what creativity really is. Now, in this book, Catmull reveals the ideals and techniques, honed over years, that have made Pixar so widely admired - and so profitable.', '336000', 0, 10, '9dsuyw1oir.jpg', '2022-07-06 01:07:55', 'admin', '2022-07-29 12:35:49', 'admin', 'active', 10, 10),
(109, 'Girlboss', 'THE RUNAWAY NEW YORK TIMES BESTSELLER   The first thing Sophia Amoruso sold online wasn’t fashion—it was a stolen book. She spent her teens hitchhiking, committing petty theft, and dumpster diving. By twenty-two, she had resigned herself to employment, but was still broke, directionless, and working a mediocre day job she’d taken for the health insurance. It was there that Sophia decided to start selling vintage clothes on eBay.\r\n\r\nEight years later, she is the founder, CEO, and creative director of Nasty Gal, a $100 million plus online fashion retailer with more than 350 employees. Sophia’s never been a typical CEO, or a typical anything, and she’s written #GIRLBOSS for outsiders (and insiders) seeking a unique path to success, even when that path is winding as all hell and lined with naysayers', '144000', 0, 44, '12tumxs3kb.jpg', '2022-07-06 01:09:02', 'admin', '2022-07-29 12:35:31', 'admin', 'active', 10, 10),
(110, 'Albert Einstein - Tuổi Thơ Gian Khó Và Cuộc Đời Khoa Học Vĩ Đại', 'Cuốn sách gồm những âu chuyện viết về cuộc đời của nhà khoa học thiên tài Albert Einstein, người đã làm thay đổi cả thế giới cũng như quan niệm khoa học đương thời.\r\n\r\nDo xuất thân có nguồn gốc Do Thái nên ngay từ khi bắt đầu đi học Albert Einstein đã chịu nhiều sự phân biệt kì thị. Cuộc đời nghiên cứu khoa học của Albert Einstein cũng gặp nhiều khó khăn do hoàn cảnh khách quan và thời cuộc đem lại, nhưng bằng trí tuệ phi thường, ông đã cho ra những công trình nghiên cứu làm thay đổi khoa học hiện đại.\r\n\r\nVào năm 1999, ông được tạp chi Time của Mỹ vinh danh là con người của Thế kỷ. Trước khi qua đời, ông đã viết giấy hiến tặng bộ óc của mình cho các nhà nhân chủng học nghiên cứu. Đại văn hào Bernard Shaw đã gọi Albert Einstein là “VĨ NHÂN THỨ TÁM” của thế giới khoa học, sau Pythagoras, Aristotle, Ptolemy, Copernicus, Galileo, Kepler và Newton.', '55000', 0, 31, '8sa5rjoh3x.jpg', '2022-07-06 14:19:08', 'admin', NULL, NULL, 'active', 10, 6);

-- --------------------------------------------------------

--
-- Table structure for table `cart`
--

CREATE TABLE `cart` (
  `id` varchar(11) NOT NULL,
  `username` varchar(255) NOT NULL,
  `books` text NOT NULL,
  `prices` text NOT NULL,
  `quantities` text NOT NULL,
  `names` text NOT NULL,
  `pictures` text NOT NULL,
  `status` tinyint(1) DEFAULT NULL,
  `date` datetime DEFAULT NULL
) ENGINE=InnoDB DEFAULT CHARSET=utf8;

--
-- Dumping data for table `cart`
--

INSERT INTO `cart` (`id`, `username`, `books`, `prices`, `quantities`, `names`, `pictures`, `status`, `date`) VALUES
('6IpSXl7UD2', 'ssgiathinhclone123456789456', '[\"54\"]', '[\"30690\"]', '[\"1\"]', '[\"B\\u1ea1n C\\u00f3 Th\\u1ec3 Nh\\u01b0ng B\\u1ea1n D\\u00e1m Kh\\u00f4ng?\"]', '[\"v82x1wptyz.jpg\"]', 0, '2022-08-04 14:13:04'),
('AcIwTRQxZq', 'ssgiathinhclone123456789456', '[\"64\"]', '[\"254490\"]', '[\"2\"]', '[\"Tiktok Marketing\"]', '[\"7g38tvwhcq.jpg\"]', 0, '2022-08-04 14:14:02'),
('c0gf2Nz8bW', 'ssgiathinhclone123456789456', '[\"72\"]', '[\"87200\"]', '[\"1\"]', '[\"Khi H\\u01a1i Th\\u1edf H\\u00f3a Thinh Kh\\u00f4ng\"]', '[\"uqser8z0lf.jpg\"]', 0, '2022-08-04 14:14:58'),
('cgqnZaFvbY', 'admin', '[\"54\",\"64\"]', '[\"30690\",\"254490\"]', '[\"1\",\"1\"]', '[\"B\\u1ea1n C\\u00f3 Th\\u1ec3 Nh\\u01b0ng B\\u1ea1n D\\u00e1m Kh\\u00f4ng?\",\"Tiktok Marketing\"]', '[\"v82x1wptyz.jpg\",\"7g38tvwhcq.jpg\"]', 0, '2022-07-13 18:21:13'),
('dtlVINbKSk', 'admin', '[\"48\",\"53\",\"56\"]', '[\"79200\",\"99900\",\"62100\"]', '[\"2\",\"1\",\"1\"]', '[\"R\\u00e8n Luy\\u1ec7n T\\u01b0 Duy Ph\\u1ea3n Bi\\u1ec7n\",\"\\u00dd Ch\\u00ed S\\u1eaft \\u0110\\u00e1\",\"M\\u1ed7i Ng\\u00e0y B\\u1eaft B\\u1eb1ng N\\u1ee5 C\\u01b0\\u1edbi Ngay C\\u1ea3 T\\u0103m T\\u1ed1i C\\u0169ng Ph\\u1ea3i T\\u01b0\\u01a1i R\\u00f3i\"]', '[\"kcixqyf6wn.jpg\",\"d6ieh8a904.jpg\",\"eocphr52v4.jpg\"]', 0, '2022-07-06 12:01:46'),
('HaPuOyt9C2', 'admin', '[\"54\",\"64\",\"72\",\"82\"]', '[\"30690\",\"254490\",\"87200\",\"91350\"]', '[\"5\",\"4\",\"1\",\"4\"]', '[\"B\\u1ea1n C\\u00f3 Th\\u1ec3 Nh\\u01b0ng B\\u1ea1n D\\u00e1m Kh\\u00f4ng?\",\"Tiktok Marketing\",\"Khi H\\u01a1i Th\\u1edf H\\u00f3a Thinh Kh\\u00f4ng (T\\u00e1i B\\u1ea3n 2020)\",\"Nh\\u00e0 L\\u00e3nh \\u0110\\u1ea1o Kh\\u00f4ng Ch\\u1ee9c Danh\"]', '[\"v82x1wptyz.jpg\",\"7g38tvwhcq.jpg\",\"uqser8z0lf.jpg\",\"8q1tn43p6f.jpg\"]', 0, '2022-07-12 15:43:40'),
('IUypiGvCQo', 'ssgiathinhclone123456789456', '[\"54\"]', '[\"30690\"]', '[\"3\"]', '[\"B\\u1ea1n C\\u00f3 Th\\u1ec3 Nh\\u01b0ng B\\u1ea1n D\\u00e1m Kh\\u00f4ng?\"]', '[\"v82x1wptyz.jpg\"]', 0, '2022-08-04 13:54:26'),
('K9nf4pvE8L', 'admin', '[\"98\",\"99\",\"100\",\"101\"]', '[\"30000\",\"21000\",\"29700\",\"25000\"]', '[\"3\",\"1\",\"1\",\"1\"]', '[\"Dr.STONE - T\\u1eadp 19: Th\\u00e0nh Ph\\u1ed1 Ng\\u00f4 1 Tri\\u1ec7u D\\u00e2n\",\"Thi\\u00ean Th\\u1ea7n Di\\u1ec7t Th\\u1ebf - Seraph Of The End\",\"Ch\\u00fa Thu\\u1eadt H\\u1ed3i Chi\\u1ebfn: T\\u1eadp 1\",\"My Hero Academia - H\\u1ecdc Vi\\u1ec7n Si\\u00eau Anh H\\u00f9ng - T\\u1eadp 5: Todoroki Shoto: Kh\\u1edfi \\u0110\\u1ea7u\"]', '[\"7culqa2m6n.jpg\",\"dy3s4rfghk.jpg\",\"6y7etrzmvn.jpg\",\"eixfb8gct6.jpg\"]', 0, '2022-07-06 12:33:48'),
('QLtgR69PId', 'admin', '[\"48\",\"60\"]', '[\"79200\",\"88000\"]', '[\"3\",\"1\"]', '[\"R\\u00e8n Luy\\u1ec7n T\\u01b0 Duy Ph\\u1ea3n Bi\\u1ec7n\",\"\\u0110\\u1eebng B\\u00e1n Th\\u1ee9 B\\u1ea1n C\\u00f3, H\\u00e3y B\\u00e1n Th\\u1ee9 Kh\\u00e1ch C\\u1ea7n\"]', '[\"kcixqyf6wn.jpg\",\"hvzkj5dmx1.jpg\"]', 0, '2022-07-06 16:02:49'),
('RkziYZsJqC', 'ssgiathinhclone123456789456', '[\"72\"]', '[\"87200\"]', '[\"2\"]', '[\"Khi H\\u01a1i Th\\u1edf H\\u00f3a Thinh Kh\\u00f4ng\"]', '[\"uqser8z0lf.jpg\"]', 0, '2022-08-04 14:12:09'),
('rv0tmI8cb1', 'admin', '[\"64\",\"90\"]', '[\"254490\",\"239200\"]', '[\"14\",\"4\"]', '[\"Tiktok Marketing\",\"How To Crack The Ielts Speaking Test - Part 1\"]', '[\"7g38tvwhcq.jpg\",\"57owu2vsij.jpg\"]', 0, '2022-07-10 07:41:25'),
('SaMwUW2Act', 'admin', '[\"51\",\"98\"]', '[\"109450\",\"30000\"]', '[\"2\",\"6\"]', '[\"B\\u00ed Quy\\u1ebft Ngh\\u1ec9 H\\u01b0u H\\u1ea1nh Ph\\u00fac, Ph\\u00f3ng Kho\\u00e1ng V\\u00e0 T\\u1ef1 Do\",\"Dr.STONE - T\\u1eadp 19: Th\\u00e0nh Ph\\u1ed1 Ng\\u00f4 1 Tri\\u1ec7u D\\u00e2n\"]', '[\"te72gw0xoz.jpg\",\"7culqa2m6n.jpg\"]', 0, '2022-07-16 09:36:30'),
('TUE5eM7P8x', 'admin', '[\"48\",\"54\"]', '[\"79200\",\"30690\"]', '[\"11\",\"10\"]', '[\"R\\u00e8n Luy\\u1ec7n T\\u01b0 Duy Ph\\u1ea3n Bi\\u1ec7n\",\"B\\u1ea1n C\\u00f3 Th\\u1ec3 Nh\\u01b0ng B\\u1ea1n D\\u00e1m Kh\\u00f4ng?\"]', '[\"kcixqyf6wn.jpg\",\"v82x1wptyz.jpg\"]', 0, '2022-07-07 15:49:12'),
('u2HPGZViqg', 'admin', '[\"54\",\"60\",\"72\"]', '[\"30690\",\"88000\",\"87200\"]', '[\"1\",\"3\",\"1\"]', '[\"B\\u1ea1n C\\u00f3 Th\\u1ec3 Nh\\u01b0ng B\\u1ea1n D\\u00e1m Kh\\u00f4ng?\",\"\\u0110\\u1eebng B\\u00e1n Th\\u1ee9 B\\u1ea1n C\\u00f3, H\\u00e3y B\\u00e1n Th\\u1ee9 Kh\\u00e1ch C\\u1ea7n\",\"Khi H\\u01a1i Th\\u1edf H\\u00f3a Thinh Kh\\u00f4ng (T\\u00e1i B\\u1ea3n 2020)\"]', '[\"v82x1wptyz.jpg\",\"hvzkj5dmx1.jpg\",\"uqser8z0lf.jpg\"]', 0, '2022-07-08 17:17:33'),
('uzvTes8Qcn', 'ssgiathinhclone123456789456', '[\"64\",\"72\"]', '[\"254490\",\"87200\"]', '[\"1\",\"2\"]', '[\"Tiktok Marketing\",\"Khi H\\u01a1i Th\\u1edf H\\u00f3a Thinh Kh\\u00f4ng\"]', '[\"7g38tvwhcq.jpg\",\"uqser8z0lf.jpg\"]', 0, '2022-08-04 14:03:23'),
('ZIVwjBgiuG', 'admin', '[\"57\",\"64\"]', '[\"699300\",\"254490\"]', '[\"1\",\"4\"]', '[\"Nguy\\u00ean L\\u00fd Marketing\",\"Tiktok Marketing\"]', '[\"v6e8fdhy3g.jpg\",\"7g38tvwhcq.jpg\"]', 0, '2022-07-09 14:41:43'),
('zPSmaAUGJs', 'admin', '[\"79\"]', '[\"84150\"]', '[\"3\"]', '[\"C\\u1ee9 C\\u01b0\\u1eddi Th\\u00f4i M\\u1eb7c K\\u1ec7 \\u0110\\u1eddi!\"]', '[\"ud9c4vb3q2.jpg\"]', 0, '2022-07-08 17:22:36');

-- --------------------------------------------------------

--
-- Table structure for table `category`
--

CREATE TABLE `category` (
  `id` int(11) NOT NULL,
  `name` varchar(255) NOT NULL,
  `picture` text DEFAULT NULL,
  `show_at_home` tinyint(1) NOT NULL DEFAULT 0,
  `created` datetime DEFAULT NULL,
  `created_by` varchar(255) DEFAULT NULL,
  `modified` datetime DEFAULT NULL,
  `modified_by` varchar(255) DEFAULT NULL,
  `status` varchar(10) NOT NULL DEFAULT '0',
  `ordering` int(11) NOT NULL DEFAULT 10
) ENGINE=InnoDB DEFAULT CHARSET=utf8;

--
-- Dumping data for table `category`
--

INSERT INTO `category` (`id`, `name`, `picture`, `show_at_home`, `created`, `created_by`, `modified`, `modified_by`, `status`, `ordering`) VALUES
(1, 'Văn Học - Tiểu Thuyết', 'd1usot9zl3.jpg', 0, '2013-12-09 00:00:00', 'admin', '2022-07-05 22:41:52', 'admin', 'active', 4),
(2, 'Kinh Tế', '0cjdzy7urw.jpg', 1, '2013-12-09 00:00:00', 'admin', '2022-07-05 22:38:36', 'admin', 'active', 1),
(3, 'Công Nghệ Thông Tin', 'k0bdicowvr.jpg', 0, '2013-12-09 00:00:00', 'admin', '2022-07-06 14:12:44', 'admin', 'inactive', 15),
(4, ' Tâm Lý - Kỹ Năng Sống', 'rex5nocuah.jpg', 0, '2013-12-09 00:00:00', 'admin', '2022-07-05 22:42:59', 'admin', 'active', 2),
(5, 'Thiếu Nhi', 'mbeqsrtpc1.jpg', 0, '2013-12-09 00:00:00', 'admin', '2022-07-05 22:40:41', 'admin', 'active', 10),
(6, ' Thường Thức - Đời Sống', '61kw9qsxyu.jpg', 0, '2013-12-09 00:00:00', 'admin', '2022-07-05 22:57:08', 'admin', 'active', 4),
(7, 'Ngoại Ngữ - Từ Điển', 'xznb8p0q6r.jpg', 1, '2013-12-09 00:00:00', 'admin', '2022-07-05 22:35:29', 'admin', 'active', 5),
(8, 'Truyện Tranh', '6qdsjf7ve3.jpg', 1, '2013-12-09 00:00:00', 'admin', '2022-07-05 22:54:04', 'admin', 'active', 6),
(9, 'Nghệ Thuật - Giải Trí', 'gxrdaub2fh.jpg', 0, '2013-12-06 00:00:00', 'admin', '2022-07-05 22:53:04', 'admin', 'active', 7),
(10, 'BUSINESS & MANAGEMENT', 'be03opxh8w.jpg', 0, '2022-07-05 22:44:32', 'admin', '2022-07-13 18:45:48', 'admin', 'active', 8),
(11, 'Kiến Thức Bách Khoa', 'moj3i4awrg.jpg', 0, '2022-07-05 22:54:55', 'admin', NULL, NULL, 'active', 12),
(12, 'Sách Thể Thao', 'gtmbo06pve.jpg', 0, '2022-07-05 22:56:03', 'admin', NULL, NULL, 'active', 13);

-- --------------------------------------------------------

--
-- Table structure for table `group`
--

CREATE TABLE `group` (
  `id` int(11) NOT NULL,
  `name` varchar(255) NOT NULL,
  `group_acp` tinyint(1) DEFAULT 0,
  `created` datetime DEFAULT NULL,
  `created_by` varchar(45) DEFAULT NULL,
  `modified` datetime DEFAULT NULL,
  `modified_by` varchar(45) DEFAULT NULL,
  `status` varchar(45) DEFAULT NULL,
  `ordering` int(11) DEFAULT 10,
  `privilege_id` text NOT NULL,
  `picture` varchar(255) NOT NULL
) ENGINE=InnoDB DEFAULT CHARSET=utf8;

--
-- Dumping data for table `group`
--

INSERT INTO `group` (`id`, `name`, `group_acp`, `created`, `created_by`, `modified`, `modified_by`, `status`, `ordering`, `privilege_id`, `picture`) VALUES
(1, 'Admin', 1, '2013-11-11 00:00:00', 'admin', NULL, NULL, 'active', 5, '1,2,3,4,5,6,7,8,9,10', ''),
(2, 'Manager', 1, '2013-11-07 00:00:00', 'admin', '2020-09-05 06:06:03', 'admin', 'active', 4, '1,2,3,4,6,7,8,9,10', ''),
(3, 'Member', 0, '2020-09-07 04:41:34', 'admin', '2020-09-07 11:00:57', 'admin', 'active', 10, '', ''),
(4, 'Register', 0, '2020-09-07 04:41:57', 'admin', '2020-10-30 21:21:41', 'admin', 'active', 10, '', '');

-- --------------------------------------------------------

--
-- Table structure for table `privilege`
--

CREATE TABLE `privilege` (
  `id` int(11) NOT NULL,
  `name` text NOT NULL,
  `module` varchar(45) NOT NULL,
  `controller` varchar(45) NOT NULL,
  `action` varchar(45) NOT NULL
) ENGINE=InnoDB DEFAULT CHARSET=utf8;

--
-- Dumping data for table `privilege`
--

INSERT INTO `privilege` (`id`, `name`, `module`, `controller`, `action`) VALUES
(1, 'Hiển thị danh sách người dùng', 'admin', 'user', 'index'),
(2, 'Thay đổi status của người dùng', 'admin', 'user', 'status'),
(3, 'Cập nhật thông tin của người dùng', 'admin', 'user', 'form'),
(4, 'Thay đổi status của người dùng sử dụng Ajax', 'admin', 'user', 'ajaxStatus'),
(5, 'Xóa một hoặc nhiều người dùng', 'admin', 'user', 'trash'),
(6, 'Thay đổi vị trí hiển thị của các người dùng', 'admin', 'user', 'ordering'),
(7, 'Truy cập menu Admin Control Panel', 'admin', 'index', 'index'),
(8, 'Đăng nhập Admin Control Panel', 'admin', 'index', 'login'),
(9, 'Đăng xuất Admin Control Panel', 'admin', 'index', 'logout'),
(10, 'Cập nhật thông tin tài khoản quản trị', 'admin', 'index', 'profile');

-- --------------------------------------------------------

--
-- Table structure for table `user`
--

CREATE TABLE `user` (
  `id` int(11) NOT NULL,
  `username` varchar(255) NOT NULL,
  `email` varchar(255) NOT NULL,
  `fullname` varchar(255) DEFAULT NULL,
  `password` varchar(255) NOT NULL,
  `created` datetime DEFAULT NULL,
  `created_by` varchar(45) DEFAULT NULL,
  `modified` datetime DEFAULT NULL,
  `modified_by` varchar(45) DEFAULT NULL,
  `register_date` datetime DEFAULT NULL,
  `register_ip` varchar(25) DEFAULT NULL,
  `status` varchar(45) DEFAULT 'inactive',
  `ordering` int(11) DEFAULT 10,
  `group_id` int(11) NOT NULL,
  `phone` varchar(15) DEFAULT NULL,
  `address` varchar(255) DEFAULT NULL
) ENGINE=InnoDB DEFAULT CHARSET=utf8;

--
-- Dumping data for table `user`
--

INSERT INTO `user` (`id`, `username`, `email`, `fullname`, `password`, `created`, `created_by`, `modified`, `modified_by`, `register_date`, `register_ip`, `status`, `ordering`, `group_id`, `phone`, `address`) VALUES
(1, 'admin', 'admin@gmail.com', 'Admin-System', 'e96ad9a30ab5aa788fabc26ffc815263', '2022-06-21 15:53:13', 'admin', '2022-08-04 14:44:25', 'admin', NULL, NULL, 'active', 10, 1, '0123456789', ''),
(2, 'manager', 'manager@gmail.com', 'Manager-test', 'e10adc3949ba59abbe56e057f20f883e', '2022-06-21 15:53:57', 'admin', '2022-06-27 17:47:04', 'manager', NULL, NULL, 'active', 10, 3, '0111222333', 'Manager.com'),
(63, 'member_01', 'member01@gmail.com', '', 'e10adc3949ba59abbe56e057f20f883e', '2022-06-22 10:09:42', 'admin', '2022-06-27 09:39:09', 'member_01', NULL, NULL, 'active', 10, 4, NULL, NULL),
(81, 'testUser123', 'testUser@bookstore.com', 'Test User', 'e10adc3949ba59abbe56e057f20f883e', NULL, NULL, '2022-07-29 15:23:53', 'testUser123', '2022-07-29 15:05:26', '127.0.0.1', 'active', 10, 4, '0123456789', ''),
(84, 'demo.account1', 'demo01@bookstore.xyz', 'Demo Account ', 'e10adc3949ba59abbe56e057f20f883e', '2022-08-04 14:23:04', 'admin', NULL, NULL, NULL, NULL, 'active', 10, 3, NULL, NULL),
(85, 'ahihi', 'ahihi@xyz.com', '', 'e10adc3949ba59abbe56e057f20f883e', NULL, NULL, NULL, NULL, '2022-08-04 14:36:55', '127.0.0.1', 'active', 10, 4, NULL, NULL);

--
-- Indexes for dumped tables
--

--
-- Indexes for table `book`
--
ALTER TABLE `book`
  ADD PRIMARY KEY (`id`);

--
-- Indexes for table `cart`
--
ALTER TABLE `cart`
  ADD PRIMARY KEY (`id`);

--
-- Indexes for table `category`
--
ALTER TABLE `category`
  ADD PRIMARY KEY (`id`);

--
-- Indexes for table `group`
--
ALTER TABLE `group`
  ADD PRIMARY KEY (`id`);

--
-- Indexes for table `privilege`
--
ALTER TABLE `privilege`
  ADD PRIMARY KEY (`id`);

--
-- Indexes for table `user`
--
ALTER TABLE `user`
  ADD PRIMARY KEY (`id`);

--
-- AUTO_INCREMENT for dumped tables
--

--
-- AUTO_INCREMENT for table `book`
--
ALTER TABLE `book`
  MODIFY `id` int(11) NOT NULL AUTO_INCREMENT, AUTO_INCREMENT=113;

--
-- AUTO_INCREMENT for table `category`
--
ALTER TABLE `category`
  MODIFY `id` int(11) NOT NULL AUTO_INCREMENT, AUTO_INCREMENT=54;

--
-- AUTO_INCREMENT for table `group`
--
ALTER TABLE `group`
  MODIFY `id` int(11) NOT NULL AUTO_INCREMENT, AUTO_INCREMENT=82;

--
-- AUTO_INCREMENT for table `privilege`
--
ALTER TABLE `privilege`
  MODIFY `id` int(11) NOT NULL AUTO_INCREMENT, AUTO_INCREMENT=11;

--
-- AUTO_INCREMENT for table `user`
--
ALTER TABLE `user`
  MODIFY `id` int(11) NOT NULL AUTO_INCREMENT, AUTO_INCREMENT=86;
COMMIT;

/*!40101 SET CHARACTER_SET_CLIENT=@OLD_CHARACTER_SET_CLIENT */;
/*!40101 SET CHARACTER_SET_RESULTS=@OLD_CHARACTER_SET_RESULTS */;
/*!40101 SET COLLATION_CONNECTION=@OLD_COLLATION_CONNECTION */;
